Age,Gender,Department,EducationLevel,WorkMode,ExperienceYears,MonthlySalarySAR,MonthlyHours,PerformanceScore,JobSatisfaction,Promotion
59.0,Female,Operations,Bachelor,Hybrid,30,12430.0,167.0,62,8.0,No
49.0,Male,IT,PhD,Hybrid,33,5188.0,204.0,99,8.0,No
35.0,Female,IT,Diploma,Hybrid,5,11172.0,160.0,64,7.0,No
40.94125874125874,Female,Marketing,Bachelor,Hybrid,33,12683.0,158.0,81,10.0,No
41.0,Female,Sales,Bachelor,Office,14,10895.0,222.0,83,9.0,No
59.0,Female,Sales,Bachelor,Remote,13,14188.0,181.0,92,4.0,No
39.0,Male,Finance,Bachelor,Remote,5,12938.0,161.0,80,7.0,No
43.0,Female,Marketing,Master,Remote,31,12525.0,180.0,63,4.0,No
31.0,Male,Marketing,Diploma,Remote,2,3091.0,201.0,96,10.0,No
44.0,Male,Finance,Bachelor,Office,21,16892.0,204.0,97,4.0,No
56.0,Male,IT,Bachelor,Office,21,15631.141858839972,149.0,78,2.0,No
60.0,Male,HR,Master,Hybrid,9,5726.0,204.0,96,9.0,No
44.0,Male,Operations,Master,Hybrid,2,10334.0,176.0,68,5.0,No
23.0,Male,IT,Bachelor,Hybrid,11,18824.0,182.0,76,3.0,No
42.0,Male,Sales,Bachelor,Remote,28,10769.0,210.0,58,4.0,No
22.0,Male,Operations,Bachelor,Hybrid,16,13498.0,198.0,86,6.0,No
44.0,Male,HR,Master,Remote,6,20488.0,189.0,86,10.0,No
50.0,Female,Sales,Bachelor,Hybrid,12,12373.0,130.0,92,1.0,Yes
58.0,Female,Finance,Bachelor,Remote,1,11729.0,179.0,77,7.0,Yes
22.0,Female,Operations,Master,Hybrid,3,13293.0,160.0,73,8.0,No
41.0,Male,Finance,Bachelor,Hybrid,9,22340.0,198.0,77,7.0,No
53.0,Female,IT,Master,Office,23,16008.0,205.0,85,7.0,Yes
32.0,Female,Marketing,Diploma,Hybrid,16,14086.0,172.0,67,9.0,No
42.0,Female,Marketing,Bachelor,Hybrid,5,11640.0,163.0,74,4.0,No
45.0,Male,Marketing,Bachelor,Office,18,16425.0,219.0,84,7.0,No
47.0,Male,Operations,PhD,Remote,4,16969.0,165.0,53,9.0,No
48.0,Male,Marketing,Master,Office,31,9171.0,150.0,63,5.0,No
36.0,Male,IT,Bachelor,Office,9,17090.0,159.0,88,2.0,No
40.94125874125874,Female,Finance,Bachelor,Remote,8,13320.0,166.0,75,5.0,No
23.0,Female,Operations,Bachelor,Hybrid,26,14112.0,158.0,57,4.0,No
57.0,Female,Finance,Master,Remote,12,10021.0,201.0,73,8.0,No
27.0,Female,Operations,Bachelor,Hybrid,18,12200.0,125.0,65,5.0,No
41.0,Male,Finance,Bachelor,Hybrid,20,9364.0,158.0,69,9.0,No
29.0,Male,HR,Diploma,Remote,23,9148.0,179.0,64,9.0,No
59.0,Male,Finance,Master,Office,3,15697.0,185.0,56,3.0,No
38.0,Female,Marketing,Bachelor,Remote,23,12402.0,222.0,66,10.0,No
24.0,Male,HR,Bachelor,Hybrid,34,8152.0,219.0,71,6.0,No
45.0,Male,Sales,Diploma,Remote,2,23797.0,140.0,71,6.0,No
34.0,Female,Operations,Master,Remote,3,8939.0,132.0,61,4.0,No
29.0,Female,Operations,Diploma,Hybrid,34,18914.0,181.0,67,10.0,No
46.0,Male,Operations,Bachelor,Office,30,7356.0,163.0,95,3.0,No
22.0,Male,Sales,PhD,Remote,24,16054.0,150.0,96,1.0,No
40.0,Male,IT,Bachelor,Hybrid,12,12872.0,180.0,64,7.0,No
48.0,Male,Operations,Bachelor,Hybrid,3,11169.0,186.0,86,5.0,No
27.0,Male,HR,Bachelor,Remote,13,14885.0,159.0,65,10.0,No
28.0,Male,Operations,Master,Office,12,14280.0,164.0,54,7.0,No
55.0,Female,Sales,Bachelor,Remote,26,10344.0,161.0,51,1.0,No
34.0,Female,Marketing,PhD,Office,5,10140.0,170.0,77,8.0,No
37.0,Female,HR,Diploma,Office,16,6917.0,194.0,90,3.0,No
56.0,Male,Sales,Bachelor,Office,34,15375.0,153.0,76,4.0,Yes
60.0,Female,Marketing,Bachelor,Office,16,8358.0,164.0,80,3.0,No
24.0,Male,HR,Master,Remote,1,14018.0,170.0,90,3.0,No
22.0,Male,Finance,Diploma,Hybrid,12,16666.0,180.0,85,10.0,No
26.0,Female,IT,Master,Hybrid,1,14936.0,187.0,96,9.0,No
24.0,Male,IT,Bachelor,Hybrid,27,10746.0,231.0,92,2.0,No
49.0,Male,Sales,Bachelor,Hybrid,25,18090.0,194.0,50,4.0,No
38.0,Female,Marketing,Diploma,Hybrid,21,12164.0,195.0,99,6.0,No
46.0,Female,IT,Master,Hybrid,2,7996.0,173.0,78,3.0,No
54.0,Female,Marketing,Diploma,Remote,34,12723.0,156.0,50,10.0,No
30.0,Male,Marketing,Bachelor,Office,11,16641.0,167.0,57,10.0,No
56.0,Female,Sales,Bachelor,Hybrid,23,10965.0,162.0,65,7.0,No
34.0,Female,Sales,Master,Remote,4,17952.0,190.0,77,7.0,No
51.0,Male,Sales,Bachelor,Hybrid,19,15631.141858839972,139.0,71,5.0,No
35.0,Female,IT,Master,Hybrid,12,11146.0,195.0,67,3.0,No
28.0,Female,Sales,Bachelor,Office,11,9293.0,177.0,71,2.0,No
34.0,Female,IT,Bachelor,Office,12,17077.0,198.0,90,4.0,No
43.0,Male,Sales,Bachelor,Office,9,13760.0,162.0,61,4.0,No
60.0,Male,Operations,Master,Hybrid,32,9591.0,157.0,68,8.0,No
41.0,Male,Marketing,Master,Hybrid,15,12217.0,170.0,74,8.0,No
38.0,Female,HR,Bachelor,Office,2,17501.0,200.0,54,4.0,No
44.0,Male,Marketing,Diploma,Remote,4,13232.0,200.0,83,8.0,No
46.0,Male,Marketing,Bachelor,Hybrid,25,3172.0,228.0,88,4.0,No
45.0,Female,Sales,Bachelor,Hybrid,10,7445.0,168.0,59,5.0,No
35.0,Female,Sales,Bachelor,Remote,9,8086.0,170.0,56,4.0,No
21.0,Male,Marketing,Bachelor,Hybrid,33,17570.0,186.0,86,2.0,No
45.0,Male,HR,Bachelor,Remote,2,15884.0,198.0,96,10.0,No
27.0,Male,Marketing,Bachelor,Hybrid,7,15618.0,188.0,64,4.0,No
29.0,Female,HR,Bachelor,Remote,30,2280.0,168.0,91,6.0,No
44.0,Female,IT,Diploma,Hybrid,10,11635.0,223.0,73,7.0,No
21.0,Male,Operations,Master,Office,6,10861.0,154.0,75,5.0,No
28.0,Female,Marketing,Bachelor,Office,1,9707.0,173.0,75,8.0,No
44.0,Female,Sales,Bachelor,Office,5,12132.0,153.0,95,9.0,No
31.0,Female,IT,Bachelor,Office,31,8932.0,180.0,75,2.0,No
37.0,Male,Operations,Bachelor,Hybrid,19,14968.0,220.0,59,4.0,No
28.0,Female,Sales,Diploma,Office,33,17449.0,176.0,66,9.0,No
55.0,Female,Finance,Bachelor,Remote,15,17062.0,177.0,63,5.0,No
55.0,Male,Sales,Master,Office,24,13379.0,138.0,51,3.0,No
53.0,Male,HR,Bachelor,Office,11,15631.141858839972,173.0,97,6.0,No
25.0,Female,HR,Bachelor,Office,6,19130.0,209.0,62,3.0,Yes
59.0,Female,Finance,Bachelor,Hybrid,16,13543.0,174.0,76,5.0,No
40.94125874125874,Male,IT,Diploma,Office,10,11830.0,172.0,58,3.0,No
40.94125874125874,Male,Operations,Bachelor,Remote,5,20021.0,208.0,56,6.0,No
29.0,Female,Sales,Master,Office,22,18534.0,172.0,97,10.0,No
28.0,Female,HR,Diploma,Office,26,7653.0,212.0,59,5.0,No
32.0,Female,IT,Bachelor,Office,5,18886.0,148.0,58,9.0,No
54.0,Female,Finance,Bachelor,Remote,1,13305.0,197.0,71,3.0,No
40.94125874125874,Male,Marketing,Bachelor,Office,21,10126.0,221.0,72,6.0,Yes
43.0,Female,HR,PhD,Remote,19,5094.0,205.0,56,8.0,No
44.0,Female,Finance,Diploma,Remote,24,12790.0,133.0,97,7.0,Yes
57.0,Male,Sales,Bachelor,Office,14,13945.0,164.0,58,6.0,No
55.0,Female,Operations,Diploma,Remote,28,21143.0,174.0,76,2.0,No
60.0,Male,HR,PhD,Hybrid,7,15631.141858839972,205.0,73,7.0,No
42.0,Female,HR,Diploma,Office,32,11377.0,147.0,78,8.0,No
47.0,Female,Sales,Bachelor,Office,21,15752.0,155.0,66,1.0,No
21.0,Male,IT,Bachelor,Remote,17,14387.0,159.0,56,4.0,Yes
55.0,Female,Operations,Bachelor,Office,29,11358.0,149.0,92,8.0,Yes
57.0,Female,HR,Bachelor,Hybrid,30,11605.0,220.0,89,10.0,No
34.0,Female,Operations,Bachelor,Remote,9,15735.0,164.0,56,7.0,No
23.0,Male,HR,Bachelor,Remote,14,15858.0,197.0,77,10.0,No
21.0,Female,Operations,Bachelor,Hybrid,17,12682.0,180.0,68,7.0,No
25.0,Male,Finance,Bachelor,Hybrid,22,2214.0,180.0,69,2.0,No
46.0,Male,HR,Bachelor,Office,32,8193.0,165.0,93,1.0,Yes
34.0,Female,Operations,Bachelor,Hybrid,15,16789.0,199.0,88,4.0,No
59.0,Male,IT,Bachelor,Office,34,4411.0,184.0,89,2.0,No
47.0,Female,Finance,PhD,Hybrid,33,19329.0,182.0,56,8.0,No
29.0,Female,Finance,Bachelor,Remote,27,18663.0,165.0,55,10.0,No
35.0,Female,IT,Diploma,Office,1,14185.0,169.0,74,7.0,No
35.0,Female,Operations,Diploma,Office,29,16691.0,195.0,90,8.0,No
46.0,Female,Sales,PhD,Office,12,16379.0,186.0,62,6.0,Yes
33.0,Male,IT,Bachelor,Hybrid,15,13474.0,183.0,88,1.0,No
52.0,Male,Operations,Diploma,Remote,4,7817.0,161.0,89,9.0,No
59.0,Female,IT,Bachelor,Office,27,18353.0,229.0,71,6.0,No
52.0,Female,Sales,Bachelor,Office,19,20333.0,168.0,98,4.0,Yes
50.0,Male,Operations,Bachelor,Office,26,7649.0,175.0,97,1.0,No
40.94125874125874,Male,Sales,Diploma,Remote,29,13384.0,229.0,71,8.0,No
43.0,Male,HR,PhD,Hybrid,26,11182.0,173.0,83,6.0,Yes
59.0,Female,IT,Bachelor,Remote,25,14652.0,170.0,57,8.0,No
35.0,Female,Marketing,Bachelor,Office,6,19436.0,183.0,98,8.0,No
40.94125874125874,Male,IT,Bachelor,Remote,4,3894.0,163.0,94,8.0,No
56.0,Female,IT,Bachelor,Office,22,21116.0,183.0,67,10.0,No
52.0,Female,Sales,Bachelor,Hybrid,33,16303.0,187.0,91,7.0,No
27.0,Male,HR,Bachelor,Hybrid,14,16784.0,187.0,51,10.0,No
42.0,Female,Sales,Master,Office,31,17309.0,162.0,51,4.0,No
48.0,Male,HR,Master,Remote,25,14279.0,223.0,76,9.0,No
22.0,Male,Finance,Diploma,Hybrid,30,15330.0,228.0,63,2.0,No
26.0,Female,IT,Diploma,Office,18,15301.0,201.0,97,9.0,No
48.0,Male,Marketing,Master,Office,8,11164.0,196.0,88,10.0,No
48.0,Female,IT,Bachelor,Remote,28,6089.0,174.0,61,4.0,No
40.0,Female,IT,Master,Hybrid,3,8514.0,190.0,81,2.0,Yes
50.0,Male,HR,Bachelor,Office,2,13531.0,159.0,77,4.0,Yes
31.0,Female,Marketing,Bachelor,Remote,28,10459.0,152.0,77,5.0,Yes
48.0,Female,Marketing,Bachelor,Hybrid,10,15631.141858839972,143.0,95,2.0,No
45.0,Female,Marketing,Bachelor,Remote,32,22097.0,190.0,74,1.0,No
59.0,Female,HR,Bachelor,Remote,10,17865.0,146.0,53,10.0,Yes
53.0,Female,IT,Diploma,Office,26,12866.0,168.0,75,5.0,No
21.0,Male,HR,Bachelor,Office,32,17024.0,178.0,85,9.0,No
47.0,Female,Operations,Bachelor,Office,20,12109.0,205.0,99,4.0,No
40.94125874125874,Female,Operations,Bachelor,Remote,30,14498.0,166.0,52,10.0,No
23.0,Female,HR,PhD,Office,1,15987.0,208.0,50,9.0,No
20.0,Female,Marketing,Bachelor,Remote,26,12121.0,203.0,66,10.0,No
26.0,Female,IT,Master,Remote,10,10916.0,153.0,56,6.0,No
28.0,Male,HR,Diploma,Office,17,19508.0,208.0,97,3.0,No
47.0,Female,HR,Bachelor,Hybrid,0,16764.0,173.0,54,4.0,Yes
29.0,Male,HR,PhD,Hybrid,34,3854.0,168.0,68,4.0,No
57.0,Male,Finance,Diploma,Hybrid,34,10993.0,173.0,88,1.0,No
53.0,Male,Operations,Diploma,Remote,30,10484.0,180.0,95,3.0,Yes
44.0,Male,Sales,Bachelor,Remote,27,11205.0,170.0,83,3.0,No
35.0,Female,Sales,Diploma,Remote,0,17881.0,159.0,84,1.0,No
52.0,Male,Marketing,Bachelor,Office,24,14086.0,161.0,98,9.0,No
52.0,Male,Sales,Master,Remote,19,7747.0,183.0,65,1.0,No
18.0,Female,Finance,Bachelor,Office,2,12276.0,176.0,89,9.0,Yes
32.0,Female,HR,Bachelor,Office,1,16438.0,193.0,99,1.0,No
59.0,Female,Finance,Bachelor,Hybrid,17,13012.0,181.0,96,2.0,Yes
22.0,Male,Finance,Bachelor,Hybrid,9,11099.0,182.0,88,2.0,No
23.0,Female,IT,Diploma,Hybrid,4,15490.0,195.0,76,6.0,No
57.0,Female,Operations,Bachelor,Office,8,21282.0,215.0,90,7.0,No
37.0,Male,Sales,Bachelor,Office,1,16076.0,216.0,87,1.0,No
22.0,Female,HR,Bachelor,Office,33,19854.0,214.0,99,3.0,No
22.0,Female,Sales,Bachelor,Remote,30,11401.0,202.0,99,2.0,No
48.0,Female,Marketing,Bachelor,Office,9,13962.0,232.0,74,8.0,No
43.0,Female,Sales,Diploma,Hybrid,11,13872.0,191.0,75,9.0,No
40.94125874125874,Male,Marketing,Diploma,Hybrid,20,14534.0,188.0,63,4.0,No
52.0,Female,Operations,Master,Office,5,15982.0,236.0,63,2.0,No
53.0,Female,Marketing,Bachelor,Office,2,9865.0,112.0,63,10.0,No
21.0,Male,Sales,Diploma,Hybrid,9,16913.0,175.0,74,9.0,No
39.0,Female,Sales,Bachelor,Office,4,6675.0,211.0,85,4.0,Yes
22.0,Male,Marketing,Bachelor,Hybrid,25,7989.0,205.0,53,5.0,No
46.0,Female,Finance,Bachelor,Remote,20,23610.0,244.0,96,9.0,No
52.0,Male,Operations,Bachelor,Hybrid,25,11704.0,183.0,64,6.0,No
26.0,Male,IT,Diploma,Remote,25,17283.0,169.0,81,10.0,No
52.0,Male,HR,Bachelor,Office,7,21642.0,172.0,67,9.0,Yes
24.0,Male,Sales,Bachelor,Office,4,3585.0,188.0,63,9.0,No
31.0,Female,HR,Bachelor,Remote,14,19068.0,221.0,50,7.0,Yes
37.0,Male,IT,Bachelor,Office,15,16920.0,221.0,91,10.0,No
58.0,Female,HR,Diploma,Remote,0,21382.0,179.0,69,9.0,Yes
39.0,Male,IT,PhD,Office,15,8683.0,186.0,59,5.0,No
25.0,Male,Marketing,Master,Hybrid,2,20531.0,165.0,59,5.0,No
54.0,Male,Finance,Master,Office,30,10673.0,167.0,73,8.0,No
26.0,Female,Sales,Master,Hybrid,12,18747.0,206.0,83,10.0,No
42.0,Male,IT,Master,Hybrid,15,13838.0,220.0,77,4.0,No
31.0,Female,HR,Bachelor,Remote,20,17468.0,163.0,76,4.0,No
36.0,Female,Sales,Bachelor,Office,1,14220.0,186.0,89,7.0,No
53.0,Female,Sales,Bachelor,Remote,26,5723.0,174.0,50,7.0,No
26.0,Female,Sales,Bachelor,Hybrid,24,14945.0,170.0,53,4.0,No
36.0,Female,IT,Bachelor,Hybrid,10,12813.0,132.0,56,7.0,No
49.0,Female,Finance,Diploma,Office,7,15792.0,205.0,58,5.0,No
23.0,Female,HR,Bachelor,Office,7,12865.0,172.0,65,3.0,Yes
40.0,Female,Finance,Master,Remote,32,23081.0,175.0,54,1.0,No
56.0,Male,Finance,Bachelor,Office,6,15037.0,191.0,83,7.0,No
39.0,Male,Operations,Bachelor,Office,20,11989.0,189.0,72,6.0,No
46.0,Male,Finance,Bachelor,Office,7,15518.0,191.0,92,10.0,Yes
23.0,Male,Finance,Bachelor,Remote,20,12071.0,139.0,99,7.0,No
39.0,Male,Sales,Master,Office,19,14418.0,194.0,74,2.0,No
40.0,Female,HR,Bachelor,Hybrid,7,8521.0,132.0,100,4.0,No
52.0,Female,Sales,Master,Remote,30,13961.0,199.0,62,2.0,No
27.0,Female,Sales,Bachelor,Remote,28,11850.0,208.0,73,8.0,No
53.0,Female,IT,Bachelor,Hybrid,8,8948.0,146.0,60,7.0,No
60.0,Female,Sales,Bachelor,Hybrid,14,22891.0,188.0,100,1.0,No
59.0,Female,Operations,Bachelor,Hybrid,29,9123.0,206.0,66,2.0,Yes
38.0,Female,Operations,Bachelor,Office,25,14031.0,169.0,86,2.0,No
60.0,Male,IT,Bachelor,Hybrid,9,10387.0,197.0,62,4.0,No
31.0,Male,HR,Master,Remote,15,8265.0,207.0,69,1.0,No
48.0,Male,HR,Diploma,Remote,19,17782.0,181.0,82,2.0,No
45.0,Female,Sales,Master,Hybrid,21,23163.0,174.0,91,9.0,No
43.0,Female,Sales,Bachelor,Office,6,10222.0,205.0,81,1.0,No
51.0,Female,Marketing,Bachelor,Hybrid,22,19476.0,223.0,57,9.0,No
50.0,Male,Sales,Diploma,Hybrid,28,12282.0,192.0,78,7.0,Yes
55.0,Female,HR,Bachelor,Office,15,20776.0,220.0,89,2.0,No
27.0,Female,Finance,Bachelor,Hybrid,27,23848.0,141.0,68,2.0,No
36.0,Female,Operations,Diploma,Remote,30,12948.0,197.0,55,4.0,No
46.0,Male,Finance,Bachelor,Hybrid,13,7159.0,177.0,93,5.0,No
22.0,Female,Finance,Master,Office,32,18266.0,160.0,88,4.0,No
21.0,Male,HR,Diploma,Office,8,15010.0,132.0,97,10.0,No
32.0,Male,Finance,Master,Remote,26,16258.0,195.0,90,10.0,No
25.0,Male,Marketing,Bachelor,Office,23,12471.0,202.0,70,3.0,No
57.0,Male,IT,Bachelor,Office,12,10020.0,214.0,71,4.0,No
52.0,Female,Sales,Bachelor,Remote,25,19222.0,209.0,91,10.0,No
29.0,Male,IT,Diploma,Hybrid,28,15439.0,161.0,59,4.0,No
55.0,Male,Operations,Diploma,Remote,27,7504.0,212.0,59,2.0,No
39.0,Female,Sales,Diploma,Hybrid,27,17091.0,215.0,78,5.0,No
36.0,Female,Finance,Diploma,Remote,7,16188.0,174.0,65,5.0,No
23.0,Male,Operations,Bachelor,Hybrid,22,12536.0,181.0,50,5.0,No
40.0,Female,Sales,Master,Remote,28,21289.0,157.0,66,10.0,No
44.0,Male,Sales,Master,Hybrid,4,11218.0,217.0,79,1.0,No
53.0,Male,Marketing,Bachelor,Remote,6,13240.0,142.0,75,6.0,No
44.0,Male,Marketing,Diploma,Hybrid,26,17459.0,193.0,95,2.0,No
31.0,Male,Marketing,Bachelor,Remote,1,14345.0,165.0,68,7.0,No
28.0,Female,Finance,Bachelor,Office,24,7770.0,152.0,70,4.0,Yes
56.0,Male,IT,Bachelor,Hybrid,8,14827.0,133.0,66,5.0,No
58.0,Female,Sales,Bachelor,Remote,26,12135.0,175.0,95,5.0,No
60.0,Female,Finance,Bachelor,Hybrid,0,15631.141858839972,148.0,89,5.0,No
40.0,Female,Marketing,Bachelor,Hybrid,22,14680.0,181.0,70,2.0,No
55.0,Female,IT,Bachelor,Remote,9,15631.141858839972,224.0,90,5.0,No
45.0,Male,Operations,Master,Hybrid,24,9283.0,185.0,89,3.0,No
55.0,Female,Operations,Master,Remote,2,15631.141858839972,230.0,94,4.0,Yes
45.0,Male,Operations,Bachelor,Office,5,18365.0,155.0,98,2.0,Yes
49.0,Female,Marketing,Master,Hybrid,5,10506.0,148.0,68,4.0,Yes
38.0,Female,Operations,PhD,Office,1,13854.0,154.0,56,9.0,No
38.0,Male,HR,Bachelor,Hybrid,17,9786.0,178.0,66,8.0,Yes
22.0,Male,Sales,Bachelor,Hybrid,22,8673.0,248.0,50,3.0,No
40.94125874125874,Male,Sales,Bachelor,Hybrid,1,13618.0,138.0,86,1.0,No
40.94125874125874,Female,Marketing,Master,Remote,11,14782.0,195.0,55,1.0,No
56.0,Female,HR,Master,Office,21,22972.0,163.0,75,6.0,No
53.0,Male,Finance,Diploma,Hybrid,19,11950.0,174.0,51,3.0,No
24.0,Male,Sales,Bachelor,Remote,23,13774.0,149.0,81,4.0,No
53.0,Male,Operations,Bachelor,Hybrid,19,8375.0,202.0,97,1.0,No
34.0,Male,IT,Bachelor,Remote,0,16755.0,179.0,54,8.0,Yes
41.0,Female,Finance,Diploma,Hybrid,0,15791.0,207.0,86,1.0,No
21.0,Male,IT,Master,Office,16,20698.0,184.0,80,5.0,No
28.0,Male,Sales,Bachelor,Office,0,19002.0,132.0,61,6.0,No
27.0,Male,IT,Master,Hybrid,29,15581.0,207.0,84,2.0,Yes
23.0,Male,Sales,Master,Remote,2,11885.0,130.0,79,7.0,No
37.0,Female,HR,Bachelor,Hybrid,10,14921.0,133.0,97,7.0,No
53.0,Male,HR,Bachelor,Remote,23,13500.0,157.0,55,1.0,Yes
32.0,Female,Marketing,Bachelor,Hybrid,21,18290.0,157.0,64,4.0,No
42.0,Male,Marketing,Diploma,Remote,25,17718.0,215.0,64,4.0,No
42.0,Male,Operations,Bachelor,Office,12,12666.0,176.0,65,5.0,No
50.0,Female,Finance,Diploma,Hybrid,0,7421.0,211.0,69,1.0,No
58.0,Male,Operations,Bachelor,Office,23,20000.0,166.0,62,1.0,No
58.0,Female,Sales,Bachelor,Office,9,16618.0,188.0,93,7.0,No
28.0,Female,Sales,Diploma,Hybrid,34,12562.0,192.0,91,9.0,Yes
47.0,Male,IT,Diploma,Hybrid,23,18304.0,197.0,95,1.0,Yes
47.0,Female,Sales,Diploma,Remote,27,14337.0,168.0,80,2.0,No
54.0,Female,Marketing,Bachelor,Remote,15,19934.0,171.0,83,6.0,No
41.0,Female,HR,Bachelor,Office,15,5316.0,173.0,78,6.0,Yes
50.0,Female,Marketing,Bachelor,Remote,16,13118.0,139.0,52,2.0,No
53.0,Female,Finance,Diploma,Remote,14,21196.0,178.0,58,9.0,No
48.0,Female,Sales,Diploma,Hybrid,15,16534.0,170.0,60,4.0,No
53.0,Female,Sales,Diploma,Remote,14,21977.0,195.0,60,7.0,No
25.0,Female,IT,Diploma,Office,33,15631.141858839972,182.0,74,6.0,No
39.0,Male,Finance,Master,Remote,10,18825.0,213.0,71,3.0,No
24.0,Male,HR,Bachelor,Office,0,15631.141858839972,182.0,91,8.0,No
55.0,Female,Sales,Bachelor,Hybrid,14,6432.0,166.0,95,7.0,Yes
37.0,Male,Sales,Diploma,Office,25,12670.0,181.0,58,9.0,No
48.0,Female,IT,Bachelor,Remote,3,13521.0,198.0,69,3.0,No
50.0,Female,Operations,Bachelor,Hybrid,4,6712.0,136.0,70,1.0,Yes
49.0,Male,HR,Bachelor,Remote,34,12764.0,162.0,59,2.0,No
26.0,Female,Marketing,Bachelor,Hybrid,12,17929.0,163.0,71,1.0,No
55.0,Female,Finance,Diploma,Hybrid,9,12241.0,190.0,78,5.0,No
40.94125874125874,Female,Sales,Bachelor,Remote,10,15090.0,193.0,58,10.0,No
44.0,Female,Sales,Bachelor,Remote,17,15122.0,183.0,54,4.0,No
49.0,Male,Marketing,Bachelor,Hybrid,33,13945.0,118.0,89,3.0,No
51.0,Female,HR,PhD,Hybrid,22,10827.0,139.0,60,8.0,No
55.0,Female,Operations,Bachelor,Remote,6,16965.0,174.0,50,10.0,Yes
53.0,Female,Sales,Bachelor,Office,2,6858.0,167.0,91,5.0,No
41.0,Male,HR,Bachelor,Remote,11,14039.0,180.0,50,4.0,No
52.0,Female,Marketing,Bachelor,Hybrid,6,15638.0,168.0,88,5.0,No
43.0,Male,IT,Bachelor,Remote,25,11987.0,218.0,95,10.0,No
53.0,Male,Operations,Bachelor,Office,32,10727.0,123.0,54,6.0,No
23.0,Female,Finance,Bachelor,Remote,14,17265.0,188.0,98,7.0,No
38.0,Female,Sales,Diploma,Hybrid,1,14735.0,201.0,71,9.0,No
45.0,Male,HR,Bachelor,Remote,6,17355.0,198.0,75,1.0,No
51.0,Female,IT,Bachelor,Hybrid,31,15631.141858839972,200.0,55,4.0,No
23.0,Male,Finance,Master,Hybrid,3,3253.0,203.0,81,9.0,No
60.0,Male,HR,Bachelor,Remote,19,19310.0,165.0,97,5.0,Yes
44.0,Female,HR,Bachelor,Hybrid,31,23315.0,152.0,60,8.0,No
52.0,Female,Finance,Diploma,Hybrid,27,15631.141858839972,129.0,59,1.0,No
42.0,Male,IT,Bachelor,Office,12,1925.0,171.0,96,4.0,No
43.0,Male,Marketing,Diploma,Office,0,16030.0,161.0,88,9.0,No
22.0,Male,IT,Bachelor,Office,34,11900.0,209.0,83,1.0,No
47.0,Male,Operations,Diploma,Office,29,9121.0,173.0,80,1.0,No
22.0,Female,Sales,Bachelor,Hybrid,24,14552.0,154.0,61,4.0,No
46.0,Female,Finance,Bachelor,Remote,15,13330.0,150.0,100,3.0,No
37.0,Female,Sales,Bachelor,Hybrid,18,16289.0,230.0,93,7.0,No
60.0,Female,Finance,Master,Hybrid,0,14255.0,179.0,65,3.0,No
53.0,Female,Sales,Bachelor,Hybrid,4,8956.0,160.0,87,1.0,No
20.0,Male,IT,Bachelor,Remote,21,15631.141858839972,183.0,52,10.0,No
59.0,Female,Sales,Bachelor,Office,23,10679.0,227.0,51,2.0,No
49.0,Female,Operations,Diploma,Hybrid,3,6276.0,170.0,54,10.0,Yes
46.0,Female,HR,Master,Hybrid,17,7828.0,197.0,60,4.0,No
55.0,Female,HR,Diploma,Office,15,13050.0,210.0,74,1.0,No
45.0,Female,Finance,Bachelor,Hybrid,17,20407.0,133.0,84,1.0,Yes
44.0,Male,Sales,Bachelor,Remote,21,11590.0,164.0,84,8.0,No
33.0,Male,Marketing,Bachelor,Hybrid,1,10592.0,207.0,71,7.0,No
27.0,Male,IT,Bachelor,Hybrid,20,8684.0,163.0,86,8.0,No
56.0,Female,Sales,Bachelor,Office,28,14137.0,190.0,71,4.0,No
40.0,Male,Sales,Diploma,Hybrid,25,19307.0,161.0,60,6.0,No
21.0,Male,IT,Bachelor,Hybrid,20,23012.0,169.0,81,3.0,Yes
28.0,Female,Finance,Bachelor,Remote,16,15284.0,166.0,84,8.0,No
40.94125874125874,Female,Sales,Master,Office,15,14630.0,196.0,80,4.0,No
34.0,Female,HR,Master,Office,30,11554.0,185.0,94,3.0,No
32.0,Male,IT,Master,Remote,8,12305.0,182.0,57,4.0,No
43.0,Male,Marketing,Bachelor,Hybrid,30,16831.0,243.0,69,6.0,No
35.0,Female,Operations,Bachelor,Office,13,12583.0,223.0,91,7.0,No
48.0,Female,Finance,Master,Office,1,13270.0,130.0,83,7.0,No
54.0,Male,IT,Bachelor,Hybrid,13,13886.0,169.0,53,4.0,No
22.0,Male,Operations,Diploma,Hybrid,32,11341.0,241.0,67,8.0,No
52.0,Female,Operations,Master,Office,34,15631.141858839972,166.0,100,7.0,No
43.0,Female,Marketing,Master,Hybrid,19,4913.0,232.0,53,2.0,No
42.0,Male,Sales,Bachelor,Office,1,16470.0,169.0,69,8.0,No
45.0,Female,Marketing,Diploma,Hybrid,18,24583.0,174.0,58,9.0,Yes
40.94125874125874,Male,Sales,Bachelor,Hybrid,17,11516.0,202.0,65,5.0,No
42.0,Male,Sales,Master,Remote,15,15682.0,178.0,75,4.0,No
26.0,Male,IT,Master,Hybrid,3,17832.0,192.0,87,4.0,No
35.0,Male,Sales,Bachelor,Remote,11,19761.0,219.0,74,4.0,No
57.0,Female,Finance,Diploma,Hybrid,28,12811.0,199.0,53,6.0,No
53.0,Female,Sales,Master,Office,6,5885.0,184.0,90,4.0,No
28.0,Male,Operations,Bachelor,Office,13,15203.0,222.0,94,7.0,No
25.0,Male,HR,Bachelor,Hybrid,11,14579.0,202.0,90,7.0,Yes
59.0,Male,Finance,PhD,Hybrid,34,12445.0,162.0,87,5.0,Yes
24.0,Male,IT,Diploma,Office,4,13399.0,230.0,68,5.0,No
26.0,Male,Marketing,Bachelor,Hybrid,16,14647.0,196.0,63,10.0,No
52.0,Female,Finance,Diploma,Remote,31,15628.0,175.0,70,4.0,Yes
50.0,Female,Finance,Bachelor,Remote,9,15439.0,129.0,64,7.0,No
55.0,Female,Finance,Master,Remote,16,13020.0,146.0,52,7.0,No
60.0,Female,Finance,Bachelor,Remote,4,15729.0,223.0,86,6.0,No
36.0,Male,HR,PhD,Remote,8,12717.0,223.0,99,7.0,No
50.0,Male,Marketing,Bachelor,Hybrid,17,11177.0,136.0,65,10.0,Yes
39.0,Male,Marketing,Bachelor,Remote,8,14329.0,153.0,63,2.0,Yes
40.94125874125874,Male,Sales,Bachelor,Hybrid,28,6693.0,139.0,58,4.0,No
39.0,Female,Operations,Bachelor,Hybrid,13,12335.0,138.0,96,2.0,No
48.0,Male,Marketing,Diploma,Remote,24,16554.0,231.0,56,10.0,No
46.0,Female,Sales,Bachelor,Hybrid,14,9348.0,231.0,63,7.0,No
57.0,Female,Finance,Bachelor,Hybrid,5,12560.0,152.0,55,10.0,No
46.0,Female,Marketing,Bachelor,Hybrid,28,3177.0,180.0,70,4.0,No
43.0,Female,Marketing,Bachelor,Remote,14,7844.0,148.0,64,7.0,No
29.0,Male,Finance,Bachelor,Hybrid,28,9021.0,180.0,57,5.0,No
32.0,Female,Sales,Diploma,Office,3,14458.0,221.0,83,1.0,Yes
21.0,Female,IT,Bachelor,Office,17,15500.0,207.0,89,2.0,Yes
21.0,Female,IT,Bachelor,Remote,15,13748.0,200.0,50,9.0,No
54.0,Male,Marketing,Bachelor,Office,10,12278.0,175.0,81,8.0,No
52.0,Male,HR,Diploma,Remote,13,12294.0,212.0,98,8.0,No
45.0,Male,Marketing,Master,Office,2,17222.0,196.0,100,10.0,No
40.94125874125874,Female,Marketing,Master,Office,17,14958.0,190.0,54,1.0,Yes
21.0,Female,IT,Bachelor,Office,19,12497.0,177.0,79,6.0,No
36.0,Male,Finance,Diploma,Remote,24,15631.141858839972,188.0,71,9.0,No
59.0,Female,Marketing,Master,Remote,12,22775.0,187.0,69,8.0,No
25.0,Male,Finance,Bachelor,Hybrid,3,8394.0,166.0,65,3.0,No
42.0,Male,Finance,Master,Remote,13,16351.0,161.0,56,4.0,No
23.0,Female,Finance,Master,Office,27,15261.0,157.0,99,6.0,No
32.0,Female,IT,Bachelor,Remote,7,14519.0,175.0,99,9.0,No
46.0,Female,Sales,Diploma,Remote,33,13749.0,171.0,51,8.0,No
57.0,Male,Operations,Bachelor,Hybrid,4,17397.0,163.0,63,4.0,Yes
42.0,Male,Marketing,Bachelor,Office,30,8399.0,187.0,80,2.0,No
49.0,Male,IT,Diploma,Hybrid,8,13881.0,214.0,99,8.0,No
34.0,Male,Finance,Diploma,Hybrid,31,3787.0,180.0,90,8.0,No
48.0,Female,Sales,Master,Office,32,15631.141858839972,178.0,63,6.0,No
25.0,Male,IT,Bachelor,Office,2,9938.0,157.0,54,8.0,No
50.0,Male,Sales,Master,Remote,29,15526.0,174.0,60,9.0,No
25.0,Male,Finance,Master,Remote,11,6546.0,210.0,89,1.0,No
32.0,Female,Sales,Bachelor,Hybrid,28,11695.0,206.0,54,9.0,No
36.0,Female,Marketing,Bachelor,Remote,2,18349.0,204.0,78,2.0,No
46.0,Female,Marketing,Master,Remote,25,10957.0,203.0,60,1.0,No
46.0,Female,Operations,Bachelor,Office,29,5428.0,191.0,54,8.0,Yes
41.0,Male,Operations,Bachelor,Office,8,15159.0,190.0,98,8.0,No
40.94125874125874,Male,Sales,Diploma,Remote,25,11361.0,186.0,81,4.0,No
56.0,Female,IT,Bachelor,Office,1,13164.0,170.0,85,8.0,Yes
53.0,Female,Marketing,Bachelor,Remote,2,10716.0,182.0,64,7.0,No
50.0,Male,IT,Bachelor,Office,3,22885.0,185.0,68,2.0,No
57.0,Male,IT,Bachelor,Office,24,6989.0,196.0,71,5.0,No
30.0,Female,IT,Bachelor,Office,34,12242.0,233.0,66,4.0,No
25.0,Female,Marketing,Bachelor,Remote,22,14826.0,150.0,61,3.0,Yes
40.94125874125874,Female,Finance,Bachelor,Hybrid,8,11413.0,199.0,74,1.0,No
54.0,Male,Operations,Master,Office,1,11225.0,179.0,66,5.0,No
51.0,Male,Finance,Bachelor,Remote,30,10468.0,180.0,59,10.0,No
30.0,Male,IT,Diploma,Remote,1,16706.0,160.0,77,8.0,No
39.0,Female,Finance,Diploma,Office,31,7651.0,205.0,67,9.0,No
52.0,Female,Marketing,Bachelor,Hybrid,17,15638.0,196.0,100,7.0,No
21.0,Male,Marketing,Bachelor,Office,12,15631.141858839972,201.0,67,4.0,No
25.0,Male,IT,Master,Remote,4,15231.0,184.0,94,1.0,No
36.0,Male,Sales,Master,Remote,24,8265.0,178.0,63,2.0,No
44.0,Female,Sales,Bachelor,Office,33,17054.0,191.0,65,1.0,No
40.94125874125874,Male,Sales,Bachelor,Hybrid,29,14231.0,130.0,99,4.0,No
22.0,Male,HR,Bachelor,Remote,6,21193.0,202.0,67,10.0,No
48.0,Male,IT,Master,Remote,5,10152.0,241.0,65,9.0,Yes
52.0,Male,Operations,Bachelor,Remote,2,15631.141858839972,192.0,66,4.0,No
47.0,Male,Marketing,Bachelor,Office,12,3241.0,173.0,56,4.0,No
40.0,Male,Marketing,Bachelor,Hybrid,2,12517.0,176.0,61,7.0,No
44.0,Male,IT,Diploma,Office,25,6356.0,198.0,83,9.0,No
32.0,Female,Operations,Bachelor,Office,23,22330.0,174.0,59,7.0,No
55.0,Female,Marketing,Bachelor,Office,5,12822.0,202.0,54,1.0,No
53.0,Female,IT,Bachelor,Hybrid,11,13227.0,176.0,70,1.0,Yes
53.0,Female,Marketing,Bachelor,Office,1,15995.0,223.0,52,4.0,No
57.0,Male,Sales,Bachelor,Office,10,13978.0,222.0,68,4.0,No
40.94125874125874,Female,Finance,Master,Office,33,11328.0,172.0,94,1.0,No
23.0,Female,Finance,Master,Office,25,8345.0,178.0,93,6.0,No
21.0,Male,Marketing,Master,Remote,17,14758.0,179.0,84,10.0,No
53.0,Male,HR,Diploma,Office,20,15705.0,180.0,55,2.0,No
60.0,Female,Operations,Diploma,Remote,21,17129.0,156.0,63,5.0,No
30.0,Female,Operations,Bachelor,Office,29,22607.0,153.0,53,8.0,No
49.0,Male,Operations,Bachelor,Hybrid,29,4218.0,211.0,94,3.0,No
33.0,Female,Sales,Bachelor,Remote,7,13695.0,207.0,100,9.0,No
32.0,Male,Operations,Diploma,Remote,33,19363.0,207.0,67,7.0,No
51.0,Male,Finance,Bachelor,Remote,8,13440.0,178.0,78,9.0,No
40.94125874125874,Male,Sales,Diploma,Remote,19,3478.0,227.0,84,1.0,No
55.0,Male,IT,Master,Hybrid,24,8190.0,179.0,87,5.0,No
43.0,Female,Operations,Bachelor,Office,18,15479.0,202.0,65,3.0,No
46.0,Male,IT,Diploma,Hybrid,10,17026.0,174.0,73,4.0,Yes
28.0,Female,Operations,Bachelor,Remote,14,10485.0,176.0,84,7.0,No
49.0,Male,IT,Bachelor,Office,7,15169.0,178.0,93,10.0,No
46.0,Female,Sales,Master,Remote,18,9744.0,147.0,100,8.0,No
30.0,Female,Finance,Master,Hybrid,22,15170.0,198.0,68,10.0,No
40.94125874125874,Female,IT,Bachelor,Office,26,14239.0,206.0,53,5.0,No
54.0,Male,HR,Master,Hybrid,31,10306.0,161.0,82,10.0,No
27.0,Female,Sales,PhD,Office,25,21012.0,151.0,51,4.0,No
24.0,Female,Operations,Master,Office,26,6325.0,161.0,62,3.0,No
31.0,Male,Sales,Master,Office,18,13363.0,192.0,94,3.0,No
49.0,Female,Sales,Bachelor,Remote,28,10207.0,165.0,79,3.0,No
40.94125874125874,Female,Sales,Bachelor,Hybrid,32,22254.0,177.0,83,4.0,No
45.0,Female,Marketing,Diploma,Hybrid,18,15631.141858839972,153.0,79,6.0,Yes
41.0,Female,IT,Diploma,Hybrid,18,11078.0,229.0,100,5.0,No
56.0,Female,Finance,PhD,Office,32,12741.0,182.0,73,8.0,No
30.0,Male,HR,Bachelor,Remote,15,22376.0,209.0,97,5.0,No
57.0,Female,Sales,Bachelor,Office,22,9742.0,192.0,93,4.0,Yes
29.0,Female,Operations,Master,Hybrid,6,6060.0,179.0,82,10.0,Yes
40.94125874125874,Male,Marketing,Master,Remote,25,15310.0,178.0,90,2.0,No
55.0,Male,Operations,PhD,Remote,31,15411.0,162.0,98,5.0,No
55.0,Male,Finance,Bachelor,Remote,11,16997.0,169.0,59,7.0,No
40.94125874125874,Female,Marketing,Diploma,Hybrid,7,15631.141858839972,155.0,67,2.0,No
38.0,Male,Sales,Bachelor,Remote,4,21968.0,152.0,68,6.0,Yes
59.0,Female,IT,Diploma,Remote,27,6268.0,232.0,56,7.0,No
52.0,Female,Operations,Diploma,Office,4,8587.0,187.0,68,4.0,No
44.0,Male,Finance,Bachelor,Office,25,16980.0,217.0,73,9.0,No
52.0,Female,Sales,Bachelor,Remote,21,7445.0,149.0,90,10.0,No
57.0,Male,Sales,Bachelor,Office,14,22396.0,156.0,91,1.0,No
32.0,Female,Sales,Bachelor,Office,12,6710.0,169.0,72,8.0,No
33.0,Male,Marketing,Bachelor,Office,27,12419.0,181.0,53,8.0,Yes
43.0,Male,Sales,Diploma,Hybrid,32,13733.0,176.0,87,7.0,No
45.0,Male,Operations,Master,Hybrid,22,19891.0,161.0,53,8.0,No
55.0,Female,Finance,Bachelor,Office,32,5590.0,182.0,54,2.0,No
50.0,Male,Marketing,Master,Remote,17,15870.0,184.0,90,3.0,No
37.0,Female,Sales,Diploma,Office,29,9993.0,198.0,93,9.0,No
40.0,Female,HR,Master,Hybrid,25,16824.0,217.0,72,1.0,No
45.0,Female,HR,Bachelor,Remote,15,9919.0,171.0,89,8.0,No
42.0,Female,Finance,Bachelor,Hybrid,12,21075.0,210.0,86,8.0,No
33.0,Male,IT,Bachelor,Remote,32,9946.0,182.0,60,7.0,No
39.0,Female,IT,Master,Hybrid,25,2921.0,142.0,60,5.0,No
56.0,Female,Marketing,Bachelor,Remote,0,10450.0,225.0,62,4.0,No
32.0,Male,Marketing,Bachelor,Remote,1,12824.0,237.0,63,10.0,Yes
39.0,Female,Marketing,PhD,Remote,5,18871.0,195.0,57,10.0,No
32.0,Male,IT,Master,Remote,23,8337.0,182.0,74,10.0,No
40.94125874125874,Female,HR,Bachelor,Hybrid,17,8426.0,173.0,67,10.0,No
27.0,Male,IT,Bachelor,Hybrid,26,18323.0,168.0,100,6.0,No
48.0,Female,Operations,Bachelor,Remote,7,7811.0,210.0,93,1.0,No
34.0,Male,Sales,Bachelor,Remote,27,13195.0,180.0,93,5.0,No
51.0,Female,Marketing,Bachelor,Hybrid,9,13286.0,222.0,67,4.0,No
39.0,Female,HR,Master,Remote,16,14979.0,181.0,59,4.0,No
36.0,Male,Finance,Master,Remote,28,10626.0,170.0,56,7.0,Yes
25.0,Male,Sales,Bachelor,Remote,5,9829.0,165.0,99,9.0,No
55.0,Male,Sales,Bachelor,Office,13,15631.141858839972,161.0,93,8.0,No
32.0,Male,HR,Bachelor,Remote,21,9968.0,193.0,63,8.0,No
45.0,Female,IT,PhD,Office,5,7880.0,148.0,64,5.0,No
41.0,Female,IT,PhD,Remote,25,19525.0,160.0,65,6.0,Yes
56.0,Male,Sales,Bachelor,Hybrid,11,16196.0,213.0,51,2.0,No
43.0,Female,Operations,Master,Office,34,21954.0,156.0,79,3.0,No
36.0,Male,IT,Bachelor,Office,13,17528.0,202.0,79,5.0,No
59.0,Male,Finance,Bachelor,Remote,21,8293.0,128.0,67,2.0,No
59.0,Female,Marketing,Diploma,Remote,22,14434.0,216.0,80,3.0,No
34.0,Female,Finance,Bachelor,Office,6,15631.141858839972,148.0,93,4.0,No
51.0,Female,Operations,Bachelor,Hybrid,24,6568.0,158.0,97,6.0,Yes
25.0,Female,Sales,Bachelor,Hybrid,12,11988.0,197.0,62,5.0,No
55.0,Female,IT,Bachelor,Remote,20,18417.0,187.0,69,10.0,No
43.0,Female,Operations,Master,Hybrid,9,15237.0,202.0,98,4.0,No
49.0,Female,Operations,Diploma,Hybrid,8,7741.0,148.0,99,2.0,No
31.0,Male,Marketing,Bachelor,Remote,14,11829.0,173.0,84,5.0,No
38.0,Male,IT,Bachelor,Hybrid,1,13357.0,165.0,72,4.0,No
32.0,Male,Marketing,Bachelor,Remote,24,6399.0,152.0,91,4.0,No
29.0,Male,IT,Bachelor,Office,12,17209.0,195.0,82,1.0,No
30.0,Male,Marketing,Bachelor,Remote,33,12971.0,204.0,87,4.0,No
37.0,Female,Finance,Diploma,Office,33,15631.141858839972,172.0,84,5.0,Yes
58.0,Male,Sales,Bachelor,Office,34,7488.0,218.0,100,8.0,No
27.0,Male,Sales,Bachelor,Hybrid,2,18953.0,160.0,85,8.0,No
33.0,Male,IT,Diploma,Hybrid,5,15631.141858839972,217.0,69,1.0,No
60.0,Male,HR,Bachelor,Hybrid,18,19357.0,194.0,52,4.0,No
29.0,Male,Operations,Bachelor,Remote,2,21075.0,149.0,57,10.0,No
47.0,Male,Operations,Bachelor,Hybrid,17,18601.0,230.0,89,1.0,No
22.0,Male,IT,Master,Office,8,11600.0,169.0,81,1.0,No
25.0,Female,Marketing,Diploma,Hybrid,11,2760.0,210.0,78,2.0,No
49.0,Female,Sales,Diploma,Hybrid,4,15408.0,184.0,56,2.0,No
57.0,Male,Finance,Master,Remote,2,23412.0,189.0,51,9.0,No
58.0,Female,Marketing,Bachelor,Remote,10,13841.0,203.0,70,4.0,No
39.0,Female,Marketing,Bachelor,Office,29,5046.0,201.0,55,3.0,Yes
28.0,Female,IT,Master,Remote,3,10963.0,171.0,77,1.0,No
21.0,Female,IT,Master,Hybrid,4,13173.0,193.0,97,2.0,Yes
42.0,Male,Operations,PhD,Remote,0,9059.0,191.0,91,6.0,Yes
37.0,Female,IT,Bachelor,Office,26,2462.0,185.0,85,9.0,No
27.0,Female,IT,Bachelor,Hybrid,27,13560.0,175.0,81,5.0,No
45.0,Female,IT,Bachelor,Office,28,10468.0,185.0,94,4.0,Yes
24.0,Male,Sales,Diploma,Remote,17,21977.0,229.0,91,5.0,No
56.0,Male,Finance,Bachelor,Remote,11,14455.0,173.0,95,9.0,No
26.0,Male,Finance,Bachelor,Office,12,16113.0,210.0,58,7.0,No
51.0,Male,IT,Master,Hybrid,1,13464.0,165.0,60,8.0,No
39.0,Male,Operations,Bachelor,Remote,15,14422.0,158.0,72,4.0,No
47.0,Male,Marketing,Bachelor,Hybrid,34,9319.0,194.0,60,4.0,No
30.0,Female,Finance,Diploma,Remote,21,18899.0,194.0,98,5.0,No
46.0,Female,Sales,Diploma,Office,10,14943.0,195.0,51,7.0,No
39.0,Female,Operations,Bachelor,Remote,28,12207.0,215.0,52,6.0,No
59.0,Male,Marketing,Diploma,Remote,34,16188.0,190.0,60,3.0,Yes
23.0,Male,Operations,Bachelor,Hybrid,14,16276.0,200.0,99,5.0,No
33.0,Male,IT,Master,Office,30,22959.0,154.0,84,9.0,No
48.0,Male,Sales,Master,Hybrid,15,14734.0,205.0,64,7.0,Yes
40.0,Male,Finance,Bachelor,Remote,9,9219.0,174.0,92,4.0,No
48.0,Female,Sales,Bachelor,Remote,31,13479.0,197.0,60,7.0,No
28.0,Female,Operations,Master,Hybrid,1,16734.0,137.0,80,5.0,Yes
59.0,Male,Operations,Master,Hybrid,23,18480.0,196.0,77,4.0,Yes
21.0,Male,Operations,Diploma,Hybrid,22,6732.0,124.0,77,6.0,No
23.0,Male,Sales,Bachelor,Office,1,15142.0,173.0,81,7.0,No
33.0,Male,Operations,Bachelor,Remote,30,9962.0,137.0,74,8.0,Yes
48.0,Female,IT,Master,Hybrid,25,11450.0,196.0,69,6.0,No
45.0,Male,Operations,PhD,Remote,28,17806.0,182.0,77,8.0,No
53.0,Male,HR,Diploma,Office,2,17358.0,161.0,74,7.0,No
58.0,Male,Sales,Master,Office,13,10948.0,216.0,60,2.0,No
26.0,Male,HR,Bachelor,Office,24,13290.0,158.0,68,6.0,No
36.0,Male,Finance,Master,Office,25,15253.0,136.0,54,4.0,No
41.0,Female,Marketing,Diploma,Office,17,10222.0,158.0,59,7.0,No
31.0,Female,Marketing,Bachelor,Hybrid,8,19950.0,167.0,91,3.0,No
57.0,Female,Operations,Diploma,Office,22,20109.0,144.0,95,5.0,No
56.0,Male,IT,PhD,Hybrid,20,22063.0,168.0,83,1.0,Yes
55.0,Male,Sales,Master,Office,0,23396.0,145.0,85,10.0,No
39.0,Female,Sales,Master,Office,20,17185.0,184.0,51,3.0,No
40.0,Female,HR,Master,Hybrid,26,12426.0,149.0,67,8.0,No
38.0,Female,HR,Diploma,Office,5,13088.0,181.0,62,9.0,No
34.0,Female,Sales,Bachelor,Remote,27,12686.0,209.0,100,9.0,Yes
35.0,Female,Marketing,Diploma,Remote,16,12183.0,200.0,54,10.0,No
51.0,Female,Sales,Bachelor,Office,2,19580.0,178.0,69,2.0,No
21.0,Male,Sales,Bachelor,Remote,11,14003.0,155.0,51,4.0,No
23.0,Male,HR,Bachelor,Hybrid,11,18371.0,184.0,60,5.0,No
36.0,Male,Operations,Bachelor,Office,1,17044.0,163.0,79,3.0,No
43.0,Female,Finance,Diploma,Office,21,9056.0,185.0,81,1.0,No
31.0,Female,Sales,Diploma,Hybrid,22,6273.0,137.0,81,6.0,Yes
32.0,Female,Sales,Diploma,Hybrid,29,8435.0,200.0,99,4.0,No
30.0,Female,IT,PhD,Hybrid,4,12080.0,181.0,87,2.0,No
52.0,Female,IT,Master,Office,8,14604.0,235.0,77,9.0,No
36.0,Female,Sales,PhD,Hybrid,20,11083.0,213.0,59,1.0,No
28.0,Male,HR,Bachelor,Hybrid,10,17164.0,194.0,71,9.0,No
58.0,Male,Finance,Bachelor,Remote,4,11625.0,177.0,66,7.0,No
32.0,Female,IT,Master,Remote,34,15156.0,162.0,71,10.0,No
44.0,Male,HR,Bachelor,Office,26,14529.0,204.0,92,2.0,No
48.0,Female,Operations,Bachelor,Remote,1,21805.0,174.0,68,6.0,No
28.0,Male,Sales,Bachelor,Remote,23,9611.0,209.0,66,8.0,No
48.0,Female,HR,Diploma,Hybrid,30,23938.0,190.0,73,2.0,No
56.0,Female,HR,Bachelor,Hybrid,32,11325.0,190.0,85,5.0,No
46.0,Male,Finance,Bachelor,Remote,29,7970.0,195.0,81,6.0,No
28.0,Male,Finance,Bachelor,Remote,27,13024.0,157.0,95,3.0,No
48.0,Female,Sales,Bachelor,Office,10,15631.141858839972,154.0,77,6.0,No
57.0,Male,Marketing,Master,Office,22,16713.0,206.0,63,3.0,No
56.0,Male,HR,Diploma,Office,1,17578.0,156.0,85,4.0,No
47.0,Female,Finance,Bachelor,Remote,26,10537.0,159.0,55,1.0,No
37.0,Male,Marketing,Master,Remote,34,15467.0,193.0,58,8.0,Yes
29.0,Female,IT,Diploma,Office,1,14011.0,174.0,70,1.0,No
53.0,Female,IT,Diploma,Office,20,22141.0,171.0,61,5.0,No
40.0,Female,Sales,Bachelor,Remote,4,13511.0,168.0,79,6.0,No
33.0,Female,Sales,Bachelor,Hybrid,20,12298.0,122.0,80,3.0,No
48.0,Male,Sales,Bachelor,Office,28,8758.0,156.0,89,7.0,No
49.0,Male,Marketing,Master,Remote,19,14630.0,210.0,53,2.0,No
33.0,Male,Finance,Diploma,Remote,19,15318.0,167.0,80,7.0,No
55.0,Male,Operations,Bachelor,Hybrid,24,8593.0,132.0,76,2.0,No
26.0,Male,HR,Bachelor,Remote,1,16039.0,155.0,74,5.0,No
38.0,Male,Operations,Diploma,Remote,31,15049.0,189.0,54,7.0,No
25.0,Male,Marketing,Bachelor,Office,25,18561.0,189.0,55,3.0,No
45.0,Female,Finance,Bachelor,Office,5,19456.0,173.0,54,4.0,Yes
22.0,Male,Marketing,Bachelor,Hybrid,2,14424.0,163.0,100,1.0,Yes
30.0,Male,HR,Diploma,Hybrid,32,9336.0,145.0,76,3.0,No
50.0,Female,IT,Bachelor,Remote,0,10262.0,189.0,57,9.0,Yes
25.0,Male,IT,Bachelor,Office,4,21930.0,201.0,58,10.0,No
53.0,Male,Marketing,Master,Hybrid,12,14745.0,212.0,64,5.0,No
21.0,Female,Sales,Diploma,Hybrid,18,21858.0,152.0,85,4.0,No
38.0,Male,Finance,Bachelor,Hybrid,11,16244.0,214.0,90,2.0,No
52.0,Male,Finance,Bachelor,Remote,24,17392.0,179.0,56,3.0,No
40.94125874125874,Male,IT,Bachelor,Office,34,18224.0,181.0,81,7.0,Yes
41.0,Female,Operations,Bachelor,Hybrid,11,8496.0,202.0,57,10.0,No
46.0,Male,HR,Bachelor,Office,29,15381.0,166.0,96,4.0,No
45.0,Male,Operations,Master,Hybrid,4,15631.141858839972,126.0,100,4.0,No
42.0,Female,Operations,Master,Hybrid,33,17550.0,198.0,64,7.0,No
47.0,Male,Marketing,Bachelor,Office,21,16881.0,189.0,86,1.0,No
33.0,Female,IT,Bachelor,Office,12,11836.0,171.0,68,4.0,No
53.0,Female,Sales,Master,Office,2,16517.0,196.0,88,10.0,No
54.0,Male,IT,PhD,Remote,19,7257.0,201.0,55,6.0,Yes
55.0,Female,Marketing,Master,Hybrid,30,19145.0,142.0,68,6.0,Yes
21.0,Female,Sales,Bachelor,Remote,4,11010.0,181.0,77,10.0,No
41.0,Male,Operations,Diploma,Office,23,9378.0,123.0,66,6.0,No
26.0,Female,Marketing,Bachelor,Hybrid,32,7541.0,177.0,91,5.0,No
48.0,Female,Finance,Bachelor,Remote,7,11393.0,171.0,68,3.0,No
37.0,Male,HR,Bachelor,Hybrid,23,5416.0,192.0,80,2.0,No
25.0,Male,Sales,Bachelor,Remote,19,11532.0,153.0,60,3.0,No
51.0,Male,Finance,Master,Office,15,18948.0,169.0,64,9.0,No
58.0,Male,IT,Master,Hybrid,12,8701.0,194.0,92,3.0,No
23.0,Female,Operations,Bachelor,Hybrid,24,15018.0,178.0,72,1.0,Yes
43.0,Female,Marketing,Bachelor,Hybrid,31,14621.0,182.0,52,2.0,No
57.0,Female,HR,Bachelor,Hybrid,23,22805.0,143.0,52,3.0,Yes
57.0,Female,Marketing,Master,Office,8,17558.0,190.0,67,2.0,No
30.0,Female,Sales,Diploma,Remote,22,15375.0,221.0,74,8.0,No
30.0,Female,Sales,Diploma,Office,12,18073.0,175.0,92,6.0,No
39.0,Female,HR,PhD,Office,31,13395.0,196.0,69,7.0,No
37.0,Male,Finance,Diploma,Office,14,13661.0,158.0,78,1.0,No
41.0,Male,Finance,Bachelor,Hybrid,4,21465.0,178.0,71,6.0,No
34.0,Female,Sales,Bachelor,Hybrid,21,6640.0,142.0,99,2.0,No
29.0,Female,Sales,Bachelor,Hybrid,15,15631.141858839972,200.0,64,6.0,No
21.0,Male,IT,Bachelor,Remote,9,13501.0,184.0,88,3.0,Yes
33.0,Female,Finance,Bachelor,Hybrid,23,12688.0,150.0,59,7.0,No
24.0,Male,HR,Bachelor,Remote,17,11512.0,160.0,70,3.0,No
21.0,Male,Finance,Bachelor,Hybrid,17,14692.0,182.0,78,9.0,No
40.94125874125874,Male,IT,Bachelor,Hybrid,6,13804.0,203.0,81,3.0,No
52.0,Female,Marketing,Diploma,Office,3,12134.0,217.0,59,7.0,Yes
54.0,Female,Sales,Bachelor,Office,25,10838.0,177.0,62,4.0,No
48.0,Male,Sales,Diploma,Office,4,5426.0,146.0,96,8.0,No
40.94125874125874,Male,IT,Bachelor,Remote,15,10743.0,186.0,72,2.0,No
28.0,Male,HR,Bachelor,Remote,34,11695.0,225.0,99,8.0,No
59.0,Male,Sales,Diploma,Hybrid,25,14681.0,139.0,72,4.0,No
46.0,Male,Operations,Master,Remote,17,22834.0,156.0,80,8.0,No
54.0,Female,Sales,Bachelor,Hybrid,28,11228.0,195.0,53,6.0,Yes
23.0,Male,Operations,Master,Remote,22,9393.0,184.0,98,10.0,Yes
32.0,Female,IT,PhD,Remote,13,10785.0,166.0,52,1.0,No
21.0,Male,IT,Bachelor,Remote,14,14690.0,186.0,70,7.0,No
40.94125874125874,Female,Sales,Diploma,Office,32,16649.0,204.0,51,4.0,No
50.0,Female,Finance,Bachelor,Remote,24,17278.0,178.0,53,7.0,No
50.0,Female,Operations,Master,Office,20,17725.0,175.0,50,2.0,No
37.0,Female,HR,Bachelor,Office,16,18362.0,195.0,64,8.0,No
43.0,Female,Sales,Diploma,Remote,22,12745.0,173.0,82,2.0,Yes
35.0,Female,HR,Bachelor,Hybrid,16,23239.0,209.0,55,3.0,No
57.0,Male,Sales,Master,Hybrid,13,12404.0,231.0,56,3.0,No
41.0,Female,Sales,Master,Hybrid,28,15631.141858839972,158.0,68,1.0,No
40.94125874125874,Female,Sales,Bachelor,Hybrid,29,16549.0,189.0,50,5.0,No
31.0,Female,Marketing,Bachelor,Office,18,3916.0,148.0,88,10.0,No
59.0,Male,Finance,Bachelor,Hybrid,12,14025.0,147.0,68,5.0,No
58.0,Female,IT,Master,Remote,17,17879.0,129.0,94,9.0,No
54.0,Male,IT,Bachelor,Hybrid,22,7954.0,170.0,75,6.0,No
58.0,Male,Marketing,Bachelor,Office,32,17378.0,179.0,93,4.0,No
54.0,Male,Operations,Diploma,Remote,17,15756.0,167.0,61,3.0,No
38.0,Male,HR,Master,Hybrid,8,19328.0,215.0,71,4.0,No
50.0,Female,Sales,Master,Remote,32,10886.0,213.0,62,10.0,No
35.0,Female,Sales,Bachelor,Remote,31,15631.141858839972,228.0,77,7.0,Yes
47.0,Male,Marketing,Master,Remote,16,14718.0,181.0,63,3.0,No
54.0,Female,Sales,Diploma,Hybrid,18,21947.0,210.0,71,2.0,Yes
53.0,Male,IT,Bachelor,Hybrid,5,20922.0,185.0,93,3.0,No
44.0,Female,Operations,Diploma,Office,34,16162.0,168.0,69,5.0,No
35.0,Male,HR,Bachelor,Hybrid,33,24445.0,123.0,93,4.0,No
50.0,Male,Operations,Master,Office,19,15631.141858839972,196.0,76,10.0,No
37.0,Female,Marketing,Diploma,Hybrid,24,9914.0,209.0,87,1.0,No
25.0,Female,Finance,Bachelor,Remote,3,13823.0,142.0,91,4.0,No
49.0,Female,Finance,Bachelor,Hybrid,9,17428.0,180.0,90,10.0,No
24.0,Male,Finance,Bachelor,Remote,9,7551.0,205.0,83,5.0,No
30.0,Male,Operations,Master,Office,23,8936.0,171.0,88,2.0,No
24.0,Female,Sales,Bachelor,Hybrid,20,9079.0,210.0,90,2.0,No
30.0,Female,HR,Bachelor,Remote,10,12464.0,176.0,93,1.0,No
37.0,Female,Finance,Master,Office,26,16405.0,167.0,86,8.0,No
40.0,Female,Marketing,Diploma,Office,15,16982.0,211.0,50,4.0,No
44.0,Male,Marketing,Bachelor,Hybrid,25,14636.0,157.0,64,3.0,No
25.0,Female,Finance,Bachelor,Office,29,10245.0,162.0,81,2.0,No
26.0,Male,HR,PhD,Office,6,9176.0,151.0,82,1.0,No
22.0,Female,Finance,Master,Office,15,15631.141858839972,184.0,67,3.0,No
33.0,Female,HR,Bachelor,Remote,34,17325.0,167.0,94,5.0,No
31.0,Female,Marketing,Master,Office,15,19761.0,192.0,78,10.0,No
43.0,Male,Finance,Diploma,Office,11,12000.0,137.0,81,1.0,Yes
30.0,Female,Operations,Diploma,Office,34,13358.0,152.0,82,4.0,No
51.0,Female,Operations,Bachelor,Office,20,14248.0,181.0,54,6.0,No
31.0,Male,Sales,Bachelor,Remote,16,15631.141858839972,217.0,67,4.0,No
36.0,Female,HR,Bachelor,Office,31,15014.0,189.0,97,7.0,No
40.94125874125874,Male,Sales,Bachelor,Remote,5,21106.0,165.0,59,7.0,No
24.0,Female,HR,Master,Office,23,8164.0,143.0,85,6.0,No
60.0,Male,Operations,Bachelor,Office,26,11043.0,164.0,82,9.0,No
24.0,Female,Operations,Bachelor,Office,19,10554.0,179.0,72,2.0,No
45.0,Female,HR,Diploma,Office,24,13575.0,121.0,89,10.0,No
23.0,Male,Sales,Diploma,Remote,1,13390.0,150.0,54,8.0,No
52.0,Male,Operations,Bachelor,Remote,8,17475.0,162.0,83,8.0,No
32.0,Female,Finance,Bachelor,Remote,27,14152.0,174.0,73,10.0,No
47.0,Male,Marketing,Master,Hybrid,2,15363.0,179.0,66,4.0,No
49.0,Male,Sales,Diploma,Office,19,15793.0,165.0,80,6.0,No
52.0,Male,HR,Diploma,Office,5,15104.0,193.0,56,6.0,No
40.94125874125874,Male,Sales,Bachelor,Remote,32,17165.0,183.0,66,5.0,No
41.0,Female,IT,Bachelor,Hybrid,0,13450.0,171.0,77,1.0,No
25.0,Female,IT,Diploma,Office,5,21409.0,196.0,87,3.0,No
40.94125874125874,Male,Operations,Bachelor,Remote,33,25437.0,194.0,71,7.0,No
48.0,Male,Sales,Diploma,Office,14,17178.0,144.0,64,8.0,No
42.0,Male,Finance,Bachelor,Office,25,15026.0,179.0,86,2.0,No
41.0,Male,Marketing,Bachelor,Remote,13,16811.0,202.0,64,3.0,No
26.0,Female,Sales,Diploma,Remote,6,9045.0,206.0,99,4.0,No
21.0,Female,IT,Bachelor,Office,30,14810.0,189.0,99,5.0,No
25.0,Male,Operations,Master,Office,23,10709.0,174.0,74,3.0,No
32.0,Male,Marketing,Bachelor,Remote,30,15631.141858839972,191.0,70,5.0,No
46.0,Male,Sales,Master,Office,28,7249.0,200.0,87,8.0,No
54.0,Female,Operations,Diploma,Office,31,12449.0,183.0,51,8.0,No
34.0,Male,Operations,Master,Remote,16,5576.0,186.0,76,2.0,No
46.0,Female,IT,Bachelor,Office,13,8720.0,174.0,98,6.0,No
47.0,Male,IT,Bachelor,Office,23,15597.0,147.0,81,4.0,No
29.0,Female,Operations,Bachelor,Hybrid,26,10090.0,176.0,70,9.0,No
46.0,Male,HR,Master,Remote,24,18787.0,163.0,53,10.0,No
42.0,Female,Operations,Bachelor,Hybrid,31,9707.0,163.0,93,2.0,No
35.0,Male,Marketing,Diploma,Hybrid,17,16040.0,216.0,68,8.0,No
37.0,Male,Operations,Diploma,Hybrid,17,10572.0,204.0,51,1.0,No
46.0,Male,Finance,Master,Office,25,15735.0,138.0,75,6.0,No
56.0,Female,Finance,Bachelor,Office,8,7093.0,153.0,83,10.0,No
21.0,Male,Finance,Master,Hybrid,34,11961.0,171.0,63,1.0,No
28.0,Female,HR,Bachelor,Hybrid,7,10192.0,164.0,64,2.0,Yes
55.0,Female,HR,Bachelor,Hybrid,19,17975.0,188.0,69,3.0,No
35.0,Male,Operations,Diploma,Office,21,16080.0,149.0,83,9.0,No
42.0,Male,Finance,PhD,Hybrid,18,8453.0,204.0,85,5.0,No
34.0,Male,HR,Bachelor,Hybrid,29,13086.0,179.0,68,10.0,No
46.0,Female,IT,Master,Remote,27,10525.0,171.0,58,10.0,Yes
48.0,Male,Operations,Bachelor,Remote,34,18276.0,180.0,56,2.0,No
43.0,Female,Marketing,Bachelor,Office,10,19722.0,170.0,79,10.0,No
34.0,Female,Sales,Bachelor,Remote,30,7513.0,129.0,62,5.0,No
44.0,Male,Operations,Bachelor,Remote,29,17720.0,180.0,76,5.0,No
22.0,Male,Sales,Master,Remote,22,10295.0,172.0,93,1.0,Yes
46.0,Male,Finance,Master,Office,18,12862.0,156.0,84,3.0,Yes
34.0,Male,Sales,Master,Remote,11,14145.0,207.0,62,5.0,No
27.0,Male,Finance,Bachelor,Office,14,22175.0,197.0,64,9.0,No
23.0,Male,IT,Bachelor,Hybrid,30,15631.141858839972,241.0,95,10.0,No
43.0,Female,Sales,Bachelor,Remote,14,17756.0,201.0,58,1.0,No
38.0,Female,Operations,PhD,Office,28,8728.0,164.0,94,8.0,No
58.0,Female,Finance,Diploma,Remote,25,8417.0,157.0,72,1.0,No
55.0,Male,Operations,Bachelor,Hybrid,1,14128.0,168.0,85,9.0,Yes
35.0,Female,HR,Bachelor,Office,19,14098.0,163.0,89,6.0,No
40.94125874125874,Female,Sales,PhD,Office,3,15631.141858839972,142.0,83,8.0,No
48.0,Female,Finance,Bachelor,Hybrid,21,4374.0,196.0,68,5.0,Yes
30.0,Female,Operations,Bachelor,Hybrid,22,15631.141858839972,182.0,77,7.0,No
59.0,Male,IT,Diploma,Hybrid,25,19974.0,193.0,72,7.0,No
37.0,Male,Finance,Bachelor,Office,10,23941.0,151.0,89,7.0,No
59.0,Female,Sales,Bachelor,Hybrid,27,12366.0,186.0,98,6.0,No
42.0,Female,HR,Bachelor,Remote,1,7552.0,212.0,94,8.0,Yes
46.0,Female,Marketing,Master,Hybrid,7,19807.0,158.0,56,9.0,No
45.0,Male,IT,Master,Office,28,17893.0,158.0,90,2.0,No
37.0,Male,HR,Diploma,Remote,10,11800.0,198.0,61,7.0,No
40.0,Male,Operations,Master,Remote,13,10772.0,174.0,95,6.0,No
45.0,Male,Operations,Diploma,Remote,9,12449.0,217.0,64,2.0,No
24.0,Female,Sales,Diploma,Office,34,15422.0,158.0,52,10.0,No
30.0,Male,Operations,Diploma,Remote,8,11453.0,219.0,64,6.0,Yes
23.0,Male,IT,Bachelor,Remote,34,12022.0,172.0,100,2.0,No
38.0,Female,Operations,Diploma,Office,10,16886.0,152.0,73,1.0,No
56.0,Male,Sales,PhD,Office,11,7329.0,195.0,95,7.0,No
42.0,Male,Marketing,Bachelor,Office,2,12308.0,183.0,57,3.0,Yes
54.0,Female,Finance,Bachelor,Remote,13,6458.0,180.0,54,4.0,No
28.0,Male,Finance,Bachelor,Remote,27,14488.0,161.0,100,6.0,No
60.0,Male,Operations,Bachelor,Remote,10,5273.0,183.0,53,5.0,No
39.0,Female,HR,Bachelor,Office,24,18005.0,128.0,63,4.0,No
57.0,Female,Finance,Master,Hybrid,20,8084.0,185.0,65,9.0,No
26.0,Female,Sales,Master,Remote,9,24606.0,212.0,69,6.0,Yes
46.0,Male,Operations,Bachelor,Hybrid,14,12364.0,136.0,73,6.0,Yes
54.0,Female,Sales,Master,Office,18,21700.0,170.0,55,2.0,Yes
26.0,Male,Sales,Master,Remote,21,17200.0,158.0,80,6.0,No
57.0,Female,Operations,Master,Hybrid,20,5350.0,142.0,55,7.0,Yes
53.0,Male,Marketing,Diploma,Remote,31,7956.0,129.0,84,8.0,Yes
42.0,Female,Finance,Diploma,Remote,22,12220.0,150.0,64,8.0,Yes
41.0,Female,Sales,Bachelor,Remote,12,24073.0,174.0,78,9.0,No
26.0,Female,Operations,Bachelor,Hybrid,4,9775.0,209.0,52,10.0,No
26.0,Female,IT,Bachelor,Office,3,9811.0,142.0,60,3.0,No
24.0,Male,Sales,Bachelor,Remote,27,20873.0,187.0,52,10.0,Yes
50.0,Female,IT,Master,Office,13,14877.0,185.0,77,7.0,No
31.0,Female,Marketing,Master,Office,7,18739.0,222.0,59,7.0,No
50.0,Male,HR,Master,Hybrid,8,10728.0,194.0,99,1.0,Yes
51.0,Female,Sales,Bachelor,Hybrid,34,13543.0,196.0,82,8.0,No
44.0,Male,Marketing,Bachelor,Office,20,19920.0,197.0,97,4.0,No
29.0,Female,IT,Bachelor,Remote,17,13348.0,157.0,65,5.0,Yes
23.0,Female,Finance,Diploma,Hybrid,32,19054.0,166.0,59,6.0,Yes
51.0,Female,Finance,Diploma,Remote,7,15631.141858839972,208.0,82,4.0,No
60.0,Male,HR,Bachelor,Remote,16,9322.0,129.0,85,5.0,Yes
57.0,Female,Sales,Bachelor,Remote,30,13927.0,163.0,52,10.0,No
56.0,Female,Sales,Master,Office,33,18416.0,147.0,54,5.0,No
44.0,Female,Sales,Diploma,Remote,5,17012.0,186.0,61,1.0,No
51.0,Male,Marketing,Bachelor,Office,21,13819.0,169.0,93,3.0,No
26.0,Male,Sales,Bachelor,Office,13,5487.0,196.0,62,3.0,No
22.0,Female,Sales,Bachelor,Remote,2,5918.0,177.0,73,1.0,No
40.0,Male,Sales,Bachelor,Remote,11,6875.0,141.0,93,7.0,Yes
48.0,Female,Finance,Bachelor,Remote,11,11703.0,143.0,81,1.0,No
31.0,Female,IT,Bachelor,Remote,1,12303.0,180.0,65,7.0,Yes
24.0,Female,Marketing,Bachelor,Office,1,7361.0,161.0,81,4.0,No
40.94125874125874,Female,Finance,Diploma,Remote,14,18601.0,167.0,94,9.0,No
26.0,Female,Finance,Diploma,Remote,22,8313.0,203.0,86,7.0,Yes
50.0,Female,IT,Bachelor,Office,28,7832.0,199.0,85,4.0,Yes
40.94125874125874,Female,Sales,Master,Hybrid,16,14397.0,225.0,70,7.0,No
22.0,Male,HR,Bachelor,Hybrid,31,18383.0,172.0,96,9.0,No
35.0,Male,IT,Bachelor,Office,6,23247.0,164.0,61,10.0,No
31.0,Male,Finance,Bachelor,Hybrid,29,16621.0,190.0,100,6.0,No
28.0,Male,Operations,Master,Office,27,21109.0,166.0,70,1.0,Yes
40.94125874125874,Male,Marketing,Master,Remote,13,8546.0,167.0,100,6.0,No
25.0,Male,Finance,Bachelor,Remote,29,23719.0,175.0,70,1.0,No
26.0,Male,HR,Bachelor,Hybrid,16,5623.0,221.0,92,4.0,No
46.0,Female,Sales,Master,Remote,31,11733.0,198.0,55,8.0,No
24.0,Female,Finance,Bachelor,Hybrid,5,16523.0,200.0,58,5.0,No
39.0,Female,Sales,Bachelor,Hybrid,23,6777.0,220.0,50,5.0,No
40.0,Female,Operations,Diploma,Remote,5,9828.0,203.0,61,10.0,No
53.0,Male,Finance,Master,Remote,26,9113.0,152.0,63,8.0,No
40.0,Male,IT,Master,Hybrid,17,12604.0,202.0,55,8.0,No
32.0,Female,Sales,Diploma,Remote,23,20397.0,205.0,50,1.0,No
21.0,Female,Operations,Bachelor,Office,23,14076.0,196.0,71,5.0,No
46.0,Male,IT,Bachelor,Remote,33,11916.0,175.0,83,5.0,Yes
58.0,Female,IT,PhD,Office,10,16100.0,179.0,52,1.0,No
57.0,Female,IT,Bachelor,Remote,21,17555.0,156.0,91,7.0,Yes
31.0,Female,Sales,Diploma,Remote,23,6350.0,162.0,55,7.0,No
56.0,Male,Marketing,Bachelor,Hybrid,0,13699.0,198.0,55,9.0,No
33.0,Female,Finance,Bachelor,Remote,17,14869.0,157.0,69,2.0,No
23.0,Female,Finance,Diploma,Remote,11,18341.0,160.0,70,3.0,No
53.0,Male,Operations,Bachelor,Office,27,10739.0,199.0,51,4.0,No
26.0,Male,Operations,Bachelor,Hybrid,6,10061.0,183.0,75,1.0,No
40.94125874125874,Female,Marketing,Diploma,Hybrid,22,11946.0,194.0,80,7.0,No
25.0,Male,Operations,Diploma,Hybrid,20,19780.0,149.0,75,10.0,No
43.0,Female,HR,Bachelor,Remote,33,18697.0,194.0,81,3.0,Yes
30.0,Female,Marketing,Bachelor,Hybrid,10,13904.0,163.0,59,3.0,No
33.0,Female,Marketing,Master,Hybrid,34,3341.0,167.0,55,8.0,Yes
60.0,Female,Finance,PhD,Office,28,17562.0,214.0,72,9.0,No
22.0,Female,Finance,Bachelor,Hybrid,27,8966.0,171.0,77,10.0,No
40.0,Female,Marketing,PhD,Hybrid,17,21952.0,235.0,98,2.0,Yes
21.0,Male,HR,Bachelor,Office,13,9211.0,128.0,79,10.0,No
57.0,Male,HR,Bachelor,Hybrid,17,10163.0,141.0,63,10.0,No
29.0,Female,Marketing,Diploma,Hybrid,27,16531.0,213.0,86,1.0,Yes
37.0,Male,Operations,Diploma,Hybrid,23,16965.0,219.0,81,9.0,No
29.0,Female,Sales,Bachelor,Remote,7,15631.141858839972,158.0,98,6.0,No
31.0,Female,HR,Bachelor,Office,7,15671.0,182.0,83,9.0,Yes
35.0,Female,IT,Bachelor,Hybrid,3,16229.0,198.0,90,6.0,No
44.0,Female,Finance,Bachelor,Office,26,15769.0,174.0,93,2.0,Yes
58.0,Female,Marketing,Bachelor,Office,4,12180.0,184.0,100,4.0,No
55.0,Male,IT,Bachelor,Office,32,16273.0,180.0,71,8.0,No
50.0,Female,Marketing,Bachelor,Hybrid,33,20329.0,143.0,80,3.0,No
51.0,Male,Finance,Master,Hybrid,29,8485.0,171.0,56,1.0,No
25.0,Male,Finance,Master,Office,7,10220.0,180.0,90,8.0,No
34.0,Female,HR,Bachelor,Remote,25,14123.0,183.0,70,1.0,No
31.0,Female,HR,Bachelor,Office,33,9247.0,137.0,65,8.0,No
29.0,Female,IT,Bachelor,Remote,6,5885.0,199.0,69,1.0,No
54.0,Female,Marketing,Master,Office,27,18919.0,183.0,92,9.0,No
32.0,Female,Finance,Bachelor,Office,27,3970.0,154.0,93,9.0,No
55.0,Male,IT,Bachelor,Office,13,12189.0,225.0,96,9.0,Yes
55.0,Female,Sales,Diploma,Hybrid,3,17415.0,171.0,99,3.0,No
21.0,Female,IT,Bachelor,Remote,17,15200.0,173.0,68,4.0,No
60.0,Male,Operations,Bachelor,Remote,24,12257.0,196.0,97,5.0,Yes
42.0,Male,IT,Master,Office,6,9062.0,227.0,81,6.0,No
49.0,Female,Operations,Bachelor,Hybrid,27,15547.0,197.0,64,9.0,No
28.0,Male,Operations,Bachelor,Hybrid,4,9552.0,201.0,54,4.0,No
31.0,Female,Operations,Master,Remote,2,15197.0,155.0,60,6.0,Yes
57.0,Male,Sales,Master,Hybrid,30,14634.0,182.0,64,1.0,No
50.0,Female,IT,Bachelor,Remote,18,11119.0,198.0,99,8.0,Yes
55.0,Male,Sales,Bachelor,Remote,10,23158.0,200.0,94,4.0,Yes
41.0,Male,Finance,Master,Hybrid,2,15612.0,221.0,53,10.0,No
57.0,Male,HR,Diploma,Remote,22,12746.0,126.0,98,7.0,No
25.0,Male,IT,Master,Remote,6,15189.0,164.0,85,4.0,Yes
39.0,Male,HR,Bachelor,Office,22,10515.0,213.0,97,9.0,No
34.0,Male,Marketing,Bachelor,Remote,6,12262.0,145.0,72,4.0,No
46.0,Female,Marketing,Diploma,Remote,33,24764.0,200.0,64,4.0,No
24.0,Female,Sales,Bachelor,Office,18,10547.0,208.0,95,4.0,No
45.0,Male,Marketing,Bachelor,Office,8,13650.0,179.0,93,6.0,Yes
45.0,Female,Marketing,Diploma,Hybrid,17,11948.0,144.0,52,1.0,No
38.0,Female,Finance,Bachelor,Remote,24,9322.0,177.0,81,7.0,Yes
60.0,Female,Finance,PhD,Hybrid,13,15895.0,216.0,59,1.0,No
30.0,Male,Finance,Bachelor,Hybrid,24,14164.0,218.0,89,3.0,No
59.0,Female,Marketing,Bachelor,Office,18,18100.0,185.0,87,8.0,No
60.0,Male,Sales,Diploma,Hybrid,14,17648.0,156.0,71,9.0,No
34.0,Female,Operations,Bachelor,Remote,15,18053.0,223.0,63,3.0,Yes
52.0,Male,Operations,Diploma,Office,26,9868.0,201.0,66,1.0,No
58.0,Male,Sales,Bachelor,Remote,9,16884.0,157.0,70,1.0,No
43.0,Female,Operations,Bachelor,Office,18,9405.0,187.0,97,5.0,Yes
35.0,Male,Finance,Diploma,Remote,27,12566.0,164.0,64,1.0,Yes
53.0,Female,Finance,Bachelor,Office,20,7447.0,189.0,64,4.0,No
45.0,Female,Marketing,Bachelor,Remote,13,17013.0,208.0,50,6.0,No
37.0,Female,HR,Bachelor,Office,32,16993.0,173.0,73,4.0,No
53.0,Male,IT,Master,Hybrid,9,20437.0,210.0,61,7.0,No
22.0,Male,HR,Master,Remote,18,12970.0,136.0,59,7.0,No
34.0,Female,HR,Bachelor,Office,29,16032.0,235.0,95,9.0,No
60.0,Female,Sales,Bachelor,Remote,21,18445.0,181.0,91,1.0,No
60.0,Female,Marketing,Bachelor,Remote,2,10607.0,207.0,91,5.0,No
59.0,Male,Sales,Diploma,Remote,17,9923.0,185.0,80,10.0,No
26.0,Male,HR,Bachelor,Office,10,10747.0,159.0,60,3.0,No
26.0,Female,HR,Bachelor,Hybrid,1,12428.0,179.0,65,4.0,No
23.0,Female,HR,Bachelor,Hybrid,11,10083.0,132.0,58,4.0,No
27.0,Female,Operations,Bachelor,Hybrid,5,10941.0,197.0,96,4.0,No
28.0,Female,Sales,Diploma,Office,28,17964.0,185.0,63,4.0,No
35.0,Female,HR,Bachelor,Hybrid,29,13566.0,175.0,68,1.0,No
49.0,Female,Finance,Diploma,Office,1,15380.0,199.0,80,4.0,Yes
53.0,Male,Marketing,Diploma,Remote,8,11522.0,181.0,58,2.0,No
50.0,Female,Marketing,Master,Remote,1,11226.0,195.0,85,2.0,Yes
59.0,Male,Finance,Diploma,Hybrid,28,15285.0,204.0,88,1.0,No
47.0,Female,Marketing,Bachelor,Office,32,14567.0,166.0,75,8.0,No
56.0,Female,Operations,Diploma,Remote,9,17501.0,159.0,57,4.0,No
49.0,Male,Operations,Master,Office,33,19857.0,137.0,73,6.0,No
58.0,Male,IT,Bachelor,Office,7,10889.0,183.0,57,10.0,No
53.0,Male,IT,Bachelor,Remote,32,17875.0,191.0,68,10.0,No
57.0,Male,IT,Bachelor,Office,5,9141.0,147.0,96,9.0,No
47.0,Female,Marketing,Bachelor,Remote,18,23332.0,216.0,97,5.0,Yes
53.0,Male,Operations,PhD,Remote,31,10462.0,159.0,79,4.0,No
40.94125874125874,Female,Operations,Bachelor,Remote,26,17108.0,127.0,71,6.0,No
42.0,Male,Operations,Master,Office,0,9107.0,217.0,58,8.0,No
22.0,Female,Finance,Master,Remote,32,13316.0,131.0,93,1.0,No
30.0,Female,Operations,Master,Office,31,20956.0,204.0,97,7.0,No
25.0,Female,Finance,Bachelor,Remote,4,15631.141858839972,198.0,53,8.0,No
30.0,Female,IT,Bachelor,Remote,16,23919.0,188.0,86,9.0,No
53.0,Female,IT,Bachelor,Hybrid,7,13976.0,167.0,57,8.0,No
58.0,Female,Marketing,Master,Hybrid,33,18391.0,193.0,50,7.0,No
33.0,Male,IT,Bachelor,Hybrid,8,15631.141858839972,206.0,77,3.0,No
51.0,Female,Marketing,Bachelor,Office,22,16057.0,155.0,55,2.0,Yes
56.0,Male,HR,Bachelor,Office,34,7582.0,204.0,96,3.0,Yes
44.0,Male,HR,Bachelor,Remote,6,11872.0,203.0,85,4.0,Yes
35.0,Female,Sales,Master,Remote,14,19382.0,187.0,60,4.0,No
49.0,Male,Marketing,Diploma,Remote,19,12451.0,167.0,54,4.0,No
28.0,Female,Sales,Master,Remote,24,14625.0,203.0,99,7.0,No
25.0,Male,Sales,Bachelor,Office,2,7037.0,193.0,73,4.0,No
40.94125874125874,Female,HR,Master,Remote,23,11581.0,155.0,96,10.0,No
24.0,Male,Marketing,Bachelor,Remote,33,19054.0,171.0,67,6.0,Yes
32.0,Female,HR,Bachelor,Hybrid,21,8228.0,200.0,69,4.0,No
22.0,Female,Sales,Master,Remote,10,15631.141858839972,183.0,77,6.0,No
47.0,Female,Marketing,Bachelor,Remote,7,14800.0,207.0,62,3.0,No
51.0,Female,Sales,Master,Remote,34,12938.0,171.0,54,1.0,No
56.0,Male,Operations,Bachelor,Office,7,12740.0,155.0,79,10.0,No
56.0,Female,Marketing,Bachelor,Hybrid,26,11790.0,235.0,50,10.0,No
46.0,Male,Marketing,Bachelor,Remote,27,12191.0,138.0,71,5.0,No
40.94125874125874,Male,Sales,Bachelor,Remote,33,18184.0,168.0,67,10.0,No
25.0,Male,Operations,Bachelor,Hybrid,31,12056.0,187.0,95,10.0,No
40.0,Female,Finance,Diploma,Remote,14,22134.0,205.0,54,3.0,No
31.0,Male,HR,Bachelor,Office,16,15631.141858839972,196.0,80,8.0,Yes
30.0,Male,Sales,Diploma,Remote,32,11407.0,238.0,55,10.0,No
60.0,Male,Marketing,PhD,Office,15,18380.0,177.0,76,1.0,No
58.0,Female,HR,PhD,Office,28,16808.0,158.0,74,2.0,Yes
26.0,Female,HR,Bachelor,Remote,8,6556.0,175.0,78,3.0,No
40.94125874125874,Male,Sales,Bachelor,Hybrid,32,9345.0,172.0,77,3.0,No
43.0,Female,Finance,Bachelor,Office,28,13481.0,178.0,65,8.0,No
46.0,Female,IT,Bachelor,Hybrid,12,6874.0,155.0,61,5.0,No
32.0,Male,Sales,Master,Remote,20,23407.0,200.0,69,8.0,No
46.0,Male,IT,Master,Office,20,17700.0,189.0,67,6.0,No
33.0,Female,IT,Bachelor,Remote,4,13940.0,148.0,83,2.0,No
60.0,Male,IT,Master,Hybrid,9,12458.0,204.0,72,4.0,No
38.0,Female,HR,Bachelor,Remote,5,15631.141858839972,160.0,94,9.0,Yes
40.94125874125874,Female,Operations,PhD,Remote,12,5162.0,150.0,76,4.0,No
53.0,Female,HR,Diploma,Office,0,6202.0,182.0,98,5.0,No
60.0,Female,HR,Bachelor,Remote,19,22555.0,136.0,66,5.0,No
32.0,Female,Marketing,Bachelor,Remote,7,21081.0,195.0,97,10.0,No
24.0,Male,IT,Diploma,Office,8,18086.0,154.0,99,6.0,Yes
25.0,Male,HR,Master,Hybrid,2,16279.0,219.0,89,10.0,No
57.0,Female,IT,Diploma,Hybrid,10,16809.0,163.0,80,7.0,Yes
28.0,Female,Marketing,Bachelor,Remote,11,7587.0,167.0,52,6.0,No
48.0,Female,Operations,Bachelor,Office,9,5863.0,212.0,66,5.0,Yes
51.0,Male,Sales,Bachelor,Remote,24,19322.0,160.0,99,5.0,No
29.0,Female,IT,Bachelor,Hybrid,24,5093.0,199.0,75,3.0,No
49.0,Male,Operations,Bachelor,Office,10,13333.0,209.0,72,7.0,No
34.0,Female,Sales,Diploma,Hybrid,25,12345.0,192.0,55,10.0,No
60.0,Female,Finance,Diploma,Hybrid,13,11929.0,144.0,77,5.0,No
31.0,Male,IT,Master,Office,3,10951.0,248.0,94,2.0,Yes
43.0,Female,Finance,Master,Remote,29,15781.0,168.0,57,9.0,No
57.0,Female,IT,Bachelor,Hybrid,34,23444.0,223.0,87,5.0,Yes
41.0,Male,Finance,Diploma,Office,12,7766.0,193.0,78,2.0,No
56.0,Male,Sales,Bachelor,Remote,22,15941.0,168.0,96,8.0,No
43.0,Male,Sales,Bachelor,Hybrid,3,12846.0,178.0,81,4.0,No
21.0,Male,Sales,Diploma,Hybrid,15,7983.0,163.0,59,8.0,No
60.0,Male,HR,Bachelor,Remote,6,19657.0,178.0,76,4.0,No
35.0,Female,Finance,Diploma,Office,21,15516.0,146.0,98,3.0,No
41.0,Female,Operations,Master,Remote,28,8299.0,145.0,50,7.0,No
29.0,Male,Finance,PhD,Remote,10,15974.0,213.0,88,2.0,Yes
29.0,Female,IT,Diploma,Remote,32,21657.0,140.0,78,5.0,No
30.0,Female,Marketing,Bachelor,Remote,28,13837.0,202.0,94,7.0,No
46.0,Male,Sales,Master,Office,11,13990.0,133.0,52,1.0,No
55.0,Female,Finance,Master,Remote,6,21056.0,196.0,100,4.0,No
45.0,Male,Operations,Bachelor,Office,25,9633.0,175.0,96,2.0,No
46.0,Male,IT,Diploma,Remote,8,21774.0,213.0,86,6.0,No
31.0,Female,Sales,Diploma,Hybrid,33,18378.0,172.0,80,1.0,No
58.0,Male,Sales,Bachelor,Office,12,9841.0,130.0,60,7.0,No
22.0,Male,Operations,Bachelor,Hybrid,24,10993.0,175.0,71,3.0,No
40.94125874125874,Male,IT,Diploma,Remote,23,11638.0,184.0,67,1.0,No
38.0,Male,Sales,Bachelor,Remote,16,5749.0,177.0,84,8.0,No
47.0,Male,Finance,Diploma,Remote,1,15172.0,194.0,55,7.0,No
54.0,Male,IT,Master,Office,12,10045.0,166.0,52,2.0,Yes
47.0,Male,HR,Bachelor,Hybrid,30,15334.0,148.0,54,4.0,No
37.0,Male,Operations,Diploma,Office,28,8191.0,155.0,58,3.0,No
44.0,Female,Operations,Bachelor,Office,27,18154.0,167.0,77,9.0,No
36.0,Female,Finance,Bachelor,Remote,26,17319.0,167.0,68,8.0,Yes
27.0,Female,Operations,PhD,Hybrid,14,10824.0,240.0,77,5.0,No
26.0,Male,Operations,Bachelor,Remote,30,15618.0,211.0,76,7.0,No
44.0,Male,IT,Bachelor,Office,14,14373.0,197.0,62,3.0,No
53.0,Female,Sales,Bachelor,Remote,32,20670.0,191.0,87,1.0,No
49.0,Female,Finance,Bachelor,Hybrid,19,9354.0,187.0,92,1.0,No
42.0,Female,IT,Master,Remote,11,13315.0,188.0,70,2.0,No
46.0,Male,Sales,Bachelor,Hybrid,8,11117.0,184.0,76,8.0,No
48.0,Female,IT,Bachelor,Hybrid,22,14202.0,181.0,95,1.0,Yes
41.0,Female,Marketing,Diploma,Remote,7,16400.0,128.0,55,5.0,No
27.0,Male,IT,Bachelor,Office,31,11067.0,171.0,87,9.0,No
37.0,Female,Operations,Master,Remote,13,12362.0,174.0,98,9.0,No
40.0,Male,Sales,Master,Office,26,15631.141858839972,161.0,60,2.0,No
40.0,Male,Finance,Bachelor,Office,24,20108.0,166.0,96,7.0,No
42.0,Male,Finance,Bachelor,Remote,12,16221.0,188.0,90,1.0,Yes
48.0,Female,Sales,Master,Office,20,15631.141858839972,199.0,66,3.0,No
60.0,Female,Operations,Master,Office,30,12951.0,187.0,88,6.0,No
27.0,Male,HR,Diploma,Remote,4,16467.0,199.0,56,9.0,No
21.0,Female,IT,Bachelor,Remote,12,15025.0,199.0,79,10.0,Yes
52.0,Female,Sales,Bachelor,Remote,27,6580.0,173.0,70,2.0,No
33.0,Female,Marketing,Master,Office,24,16576.0,193.0,50,7.0,No
50.0,Female,Sales,Diploma,Hybrid,34,10127.0,136.0,74,4.0,No
40.94125874125874,Male,IT,Bachelor,Office,6,7624.0,170.0,81,2.0,No
39.0,Female,Finance,Master,Hybrid,31,6492.0,167.0,57,3.0,No
52.0,Male,HR,Diploma,Remote,2,13028.0,218.0,54,6.0,Yes
50.0,Male,Marketing,Bachelor,Hybrid,21,9426.0,188.0,79,4.0,No
49.0,Female,Finance,Bachelor,Remote,7,3531.0,147.0,100,9.0,No
49.0,Male,Sales,Bachelor,Remote,16,12387.0,195.0,57,8.0,No
50.0,Female,IT,Bachelor,Hybrid,26,11792.0,203.0,98,10.0,No
36.0,Female,Sales,Bachelor,Remote,32,13325.0,178.0,68,9.0,No
60.0,Male,IT,Diploma,Hybrid,16,11170.0,197.0,93,4.0,No
39.0,Male,Operations,Bachelor,Remote,11,22232.0,118.0,79,4.0,No
38.0,Male,HR,Master,Office,26,16328.0,113.0,64,9.0,Yes
21.0,Male,Operations,Master,Office,7,11752.0,151.0,85,8.0,No
34.0,Female,Operations,Diploma,Remote,22,13714.0,184.0,93,2.0,No
22.0,Female,Sales,Diploma,Remote,28,20366.0,218.0,76,8.0,No
48.0,Female,HR,Bachelor,Hybrid,19,18305.0,152.0,62,1.0,No
20.0,Male,IT,Bachelor,Office,15,7717.0,159.0,63,9.0,No
58.0,Male,IT,Bachelor,Hybrid,16,9616.0,182.0,86,9.0,No
24.0,Male,Marketing,Bachelor,Remote,15,10482.0,168.0,97,8.0,No
21.0,Female,Finance,Diploma,Remote,18,12021.0,166.0,79,5.0,Yes
28.0,Male,Marketing,Diploma,Hybrid,7,11321.0,169.0,88,5.0,No
49.0,Female,Marketing,Bachelor,Remote,28,14153.0,213.0,96,3.0,No
59.0,Male,IT,Bachelor,Office,25,17311.0,208.0,62,5.0,No
23.0,Female,Sales,Diploma,Hybrid,30,18062.0,181.0,65,4.0,Yes
52.0,Female,Operations,Bachelor,Office,11,12529.0,221.0,93,1.0,Yes
30.0,Male,Operations,Bachelor,Office,16,6644.0,193.0,56,9.0,No
30.0,Male,Operations,Master,Office,14,9318.0,209.0,97,10.0,No
39.0,Female,HR,Master,Hybrid,8,11661.0,158.0,76,4.0,No
54.0,Female,IT,Bachelor,Remote,11,8397.0,164.0,94,3.0,No
53.0,Male,Sales,Bachelor,Office,31,19134.0,163.0,84,6.0,No
43.0,Male,HR,Bachelor,Office,24,8692.0,178.0,64,1.0,Yes
48.0,Female,Finance,Bachelor,Office,17,16777.0,181.0,77,5.0,No
52.0,Male,Sales,Bachelor,Remote,14,6432.0,188.0,84,7.0,Yes
27.0,Female,Marketing,Master,Remote,31,16957.0,229.0,56,2.0,No
49.0,Female,Sales,Bachelor,Hybrid,5,13373.0,198.0,99,10.0,No
28.0,Male,Sales,Master,Remote,34,20806.0,167.0,95,9.0,No
21.0,Male,Sales,Bachelor,Hybrid,33,8908.0,180.0,99,6.0,No
23.0,Male,Sales,Diploma,Hybrid,4,11461.0,218.0,100,2.0,Yes
44.0,Male,Marketing,Bachelor,Hybrid,17,12333.0,200.0,95,8.0,No
43.0,Male,Marketing,Bachelor,Hybrid,15,13314.0,217.0,69,8.0,No
28.0,Female,IT,Bachelor,Hybrid,7,12443.0,168.0,81,1.0,No
57.0,Female,Sales,Bachelor,Office,24,12530.0,162.0,87,4.0,No
23.0,Male,Sales,Diploma,Remote,31,12456.0,163.0,89,1.0,Yes
53.0,Male,Sales,PhD,Office,25,4680.0,170.0,81,4.0,No
48.0,Male,Finance,Diploma,Hybrid,21,18470.0,153.0,75,4.0,No
55.0,Male,IT,Master,Office,11,8889.0,213.0,67,10.0,No
52.0,Female,IT,Bachelor,Hybrid,27,15631.141858839972,136.0,99,3.0,No
44.0,Female,Marketing,Bachelor,Office,5,15631.141858839972,156.0,64,1.0,No
34.0,Male,Marketing,Master,Office,19,15735.0,200.0,71,4.0,Yes
52.0,Male,HR,Bachelor,Office,4,12721.0,185.0,100,10.0,No
36.0,Male,Operations,Bachelor,Office,22,17390.0,181.0,71,9.0,No
24.0,Female,Sales,Bachelor,Office,8,4713.0,212.0,70,7.0,No
57.0,Male,Operations,Bachelor,Hybrid,28,17393.0,155.0,51,8.0,Yes
41.0,Male,HR,Bachelor,Hybrid,15,15070.0,162.0,89,1.0,No
34.0,Male,Marketing,Bachelor,Office,21,9518.0,159.0,92,5.0,No
51.0,Female,Operations,Bachelor,Hybrid,7,7550.0,130.0,67,2.0,No
38.0,Female,Operations,Master,Hybrid,19,14546.0,183.0,72,1.0,No
27.0,Male,Marketing,Bachelor,Remote,13,20333.0,167.0,62,3.0,No
30.0,Male,Sales,Master,Office,33,12974.0,162.0,90,7.0,Yes
27.0,Female,Marketing,Bachelor,Hybrid,10,10163.0,157.0,58,1.0,No
53.0,Female,IT,Master,Hybrid,32,14861.0,180.0,98,2.0,No
43.0,Female,Sales,Bachelor,Office,30,22194.0,160.0,56,2.0,No
40.94125874125874,Female,Marketing,Master,Remote,33,15941.0,186.0,90,4.0,No
40.94125874125874,Female,HR,Diploma,Office,6,16427.0,191.0,50,3.0,No
39.0,Female,Finance,Master,Remote,22,19503.0,173.0,51,3.0,No
56.0,Female,IT,Diploma,Office,6,16127.0,171.0,53,10.0,No
49.0,Female,Finance,Master,Office,24,15631.141858839972,185.0,63,5.0,No
40.94125874125874,Female,Marketing,PhD,Office,2,15631.141858839972,179.0,81,3.0,No
22.0,Male,IT,Bachelor,Office,19,9853.0,213.0,85,7.0,No
21.0,Male,Sales,Bachelor,Remote,33,9029.0,188.0,51,5.0,No
25.0,Male,Marketing,Master,Remote,29,16967.0,207.0,89,4.0,Yes
40.0,Female,Sales,Bachelor,Hybrid,16,17593.0,195.0,99,4.0,Yes
31.0,Male,Operations,Master,Office,9,14790.0,147.0,100,4.0,No
22.0,Female,Finance,Diploma,Remote,34,8291.0,166.0,63,2.0,No
23.0,Female,IT,Diploma,Remote,19,22040.0,179.0,69,1.0,No
43.0,Male,Sales,PhD,Remote,17,12127.0,202.0,74,3.0,No
32.0,Female,HR,Bachelor,Office,26,16716.0,228.0,91,2.0,No
40.0,Male,Sales,Master,Hybrid,22,14222.0,168.0,98,1.0,No
25.0,Male,HR,Bachelor,Remote,31,14939.0,181.0,57,1.0,No
57.0,Male,Marketing,Bachelor,Office,9,15631.141858839972,200.0,77,2.0,Yes
58.0,Female,IT,Bachelor,Remote,10,10868.0,179.0,95,9.0,No
50.0,Male,Sales,Bachelor,Remote,5,19874.0,221.0,70,5.0,No
29.0,Female,Sales,Bachelor,Hybrid,33,6892.0,146.0,72,9.0,No
54.0,Male,IT,Bachelor,Remote,16,9326.0,197.0,81,8.0,No
55.0,Male,Sales,Bachelor,Remote,11,19816.0,197.0,57,6.0,No
42.0,Male,HR,Bachelor,Office,20,16655.0,209.0,80,1.0,No
40.94125874125874,Female,Sales,Master,Office,18,25432.0,182.0,86,10.0,No
37.0,Female,Finance,Bachelor,Hybrid,2,15631.141858839972,202.0,65,5.0,No
30.0,Female,Marketing,Bachelor,Office,17,21652.0,174.0,89,1.0,No
50.0,Male,Operations,Bachelor,Office,18,5641.0,160.0,91,7.0,No
43.0,Male,HR,Bachelor,Hybrid,5,7639.0,156.0,76,10.0,No
52.0,Female,Finance,Bachelor,Remote,15,18030.0,144.0,89,8.0,Yes
37.0,Female,Marketing,Bachelor,Hybrid,7,6168.0,169.0,90,8.0,No
37.0,Female,IT,Diploma,Office,17,13112.0,188.0,67,7.0,No
34.0,Female,HR,Diploma,Hybrid,11,19252.0,175.0,84,2.0,No
29.0,Female,Operations,Bachelor,Remote,9,16255.0,185.0,98,5.0,No
60.0,Female,Marketing,Master,Hybrid,6,14050.0,211.0,64,4.0,No
22.0,Male,Sales,Diploma,Office,0,11979.0,167.0,76,5.0,Yes
45.0,Female,IT,Bachelor,Office,20,14910.0,239.0,66,10.0,No
59.0,Male,IT,Bachelor,Hybrid,23,16598.0,199.0,89,9.0,No
29.0,Male,HR,Bachelor,Remote,24,11026.0,175.0,51,4.0,No
42.0,Female,Sales,Master,Hybrid,6,15631.141858839972,175.0,98,8.0,No
40.94125874125874,Female,IT,Bachelor,Remote,16,18853.0,155.0,99,8.0,No
46.0,Male,Marketing,Bachelor,Remote,28,12999.0,179.0,80,2.0,No
49.0,Female,Sales,Diploma,Hybrid,29,14307.0,126.0,86,6.0,No
54.0,Female,Finance,Diploma,Remote,6,16177.0,211.0,90,5.0,No
57.0,Male,Sales,Diploma,Hybrid,6,17953.0,181.0,83,10.0,No
31.0,Male,Operations,Bachelor,Remote,23,9435.0,151.0,83,4.0,No
26.0,Female,Sales,Bachelor,Office,10,11620.0,162.0,100,4.0,No
38.0,Male,Finance,Bachelor,Hybrid,8,11787.0,166.0,52,1.0,No
41.0,Female,IT,Diploma,Office,11,9932.0,228.0,66,9.0,No
56.0,Male,Finance,Bachelor,Office,34,5907.0,152.0,63,10.0,No
54.0,Male,IT,PhD,Remote,27,19380.0,209.0,95,5.0,No
37.0,Female,Operations,Diploma,Hybrid,12,7007.0,122.0,87,7.0,No
57.0,Female,Marketing,Master,Hybrid,22,21049.0,165.0,84,8.0,No
45.0,Male,Finance,Bachelor,Remote,18,17327.0,217.0,50,2.0,No
58.0,Male,Sales,Bachelor,Hybrid,23,12174.0,147.0,97,4.0,No
32.0,Male,Finance,Bachelor,Office,15,16774.0,210.0,78,2.0,No
43.0,Female,Operations,Diploma,Hybrid,32,15913.0,180.0,53,4.0,No
42.0,Male,IT,Diploma,Remote,11,9042.0,178.0,82,6.0,No
41.0,Female,Operations,Bachelor,Office,33,13933.0,182.0,66,6.0,No
47.0,Male,HR,Bachelor,Remote,6,9591.0,189.0,77,2.0,Yes
51.0,Male,HR,Master,Office,10,16944.0,156.0,99,4.0,No
26.0,Male,Sales,Bachelor,Office,30,10782.0,173.0,75,4.0,No
47.0,Male,Operations,Diploma,Hybrid,28,13565.0,189.0,57,1.0,No
60.0,Male,Sales,Bachelor,Office,12,15631.141858839972,184.0,83,2.0,No
54.0,Male,Sales,Bachelor,Remote,30,14547.0,189.0,67,3.0,No
32.0,Female,HR,Bachelor,Hybrid,1,21481.0,162.0,80,5.0,No
27.0,Male,Sales,Bachelor,Remote,14,12916.0,196.0,76,8.0,No
30.0,Female,HR,Master,Office,10,19481.0,183.0,65,6.0,No
37.0,Male,IT,Master,Remote,33,16160.0,140.0,59,3.0,No
46.0,Male,Operations,Bachelor,Remote,3,15631.141858839972,167.0,89,6.0,No
40.94125874125874,Male,HR,Master,Hybrid,28,17133.0,157.0,71,6.0,No
22.0,Female,Finance,Bachelor,Remote,1,13733.0,168.0,65,10.0,No
56.0,Male,Marketing,Bachelor,Hybrid,12,9096.0,164.0,60,1.0,No
46.0,Female,IT,Bachelor,Hybrid,16,16621.0,186.0,69,3.0,No
49.0,Female,IT,Bachelor,Hybrid,20,16323.0,182.0,100,7.0,No
41.0,Male,Finance,Bachelor,Remote,18,8173.0,161.0,50,4.0,No
31.0,Female,HR,Bachelor,Remote,6,14992.0,171.0,76,4.0,No
60.0,Male,Sales,Diploma,Remote,7,16265.0,202.0,52,4.0,No
31.0,Male,HR,Bachelor,Hybrid,12,13844.0,184.0,61,9.0,No
56.0,Male,Sales,Bachelor,Remote,1,17280.0,194.0,79,2.0,No
59.0,Male,HR,Bachelor,Office,10,16666.0,212.0,58,9.0,No
60.0,Female,IT,Bachelor,Remote,23,13842.0,191.0,86,3.0,No
55.0,Male,HR,Bachelor,Remote,5,11701.0,132.0,50,6.0,Yes
54.0,Male,Finance,Diploma,Hybrid,25,18691.0,187.0,91,4.0,No
44.0,Female,Operations,Diploma,Remote,6,16084.0,165.0,98,1.0,No
42.0,Male,Finance,Master,Office,18,7784.0,225.0,53,9.0,No
40.94125874125874,Male,Finance,Master,Hybrid,5,14994.0,190.0,64,6.0,No
53.0,Female,Operations,Bachelor,Office,28,8820.0,165.0,100,8.0,No
38.0,Female,Operations,Diploma,Hybrid,1,9659.0,194.0,76,2.0,No
40.0,Female,Sales,Bachelor,Hybrid,18,11066.0,182.0,57,7.0,Yes
39.0,Female,Sales,Bachelor,Remote,3,14202.0,137.0,72,6.0,No
55.0,Female,Finance,Master,Office,5,15685.0,202.0,64,4.0,No
37.0,Female,Finance,Diploma,Hybrid,27,12160.0,170.0,76,2.0,No
54.0,Female,IT,Diploma,Remote,29,12357.0,216.0,80,4.0,No
46.0,Female,Sales,Bachelor,Hybrid,8,18714.0,216.0,96,3.0,No
40.94125874125874,Female,Marketing,Diploma,Hybrid,32,12611.0,204.0,79,7.0,No
29.0,Male,Sales,Bachelor,Hybrid,0,20952.0,168.0,91,2.0,Yes
60.0,Male,IT,Master,Hybrid,5,16328.0,189.0,67,3.0,No
37.0,Female,IT,PhD,Remote,17,19701.0,137.0,53,10.0,No
21.0,Female,Marketing,Bachelor,Hybrid,9,4846.0,177.0,96,9.0,No
45.0,Female,HR,Bachelor,Office,27,8410.0,143.0,92,5.0,Yes
40.94125874125874,Male,HR,Diploma,Remote,10,16313.0,151.0,71,2.0,No
45.0,Male,IT,Bachelor,Office,32,20978.0,158.0,52,3.0,No
59.0,Female,HR,Bachelor,Hybrid,0,8864.0,197.0,64,8.0,Yes
55.0,Male,Operations,Bachelor,Office,12,12255.0,176.0,84,4.0,No
23.0,Female,Sales,Bachelor,Hybrid,19,15807.0,181.0,96,2.0,No
40.94125874125874,Male,Sales,Bachelor,Hybrid,0,7464.0,176.0,87,2.0,No
50.0,Male,IT,Diploma,Remote,2,16348.0,207.0,82,6.0,No
58.0,Female,Finance,Bachelor,Remote,17,15631.141858839972,180.0,63,8.0,Yes
54.0,Female,Marketing,Diploma,Hybrid,13,16215.0,186.0,97,7.0,No
32.0,Female,IT,Diploma,Remote,30,15631.141858839972,166.0,50,4.0,No
39.0,Female,HR,PhD,Office,26,11986.0,209.0,98,2.0,Yes
57.0,Male,Marketing,Bachelor,Remote,16,16933.0,211.0,75,9.0,No
37.0,Male,Sales,Bachelor,Remote,28,16013.0,179.0,57,4.0,No
30.0,Male,HR,Master,Office,25,13964.0,165.0,99,9.0,No
32.0,Female,Operations,PhD,Remote,16,18361.0,140.0,65,5.0,No
36.0,Male,HR,Bachelor,Hybrid,21,6349.0,158.0,87,7.0,No
44.0,Female,Operations,Master,Office,24,14920.0,126.0,59,5.0,Yes
39.0,Male,Marketing,Bachelor,Hybrid,1,10444.0,157.0,91,2.0,No
28.0,Female,Operations,Bachelor,Office,21,18131.0,189.0,86,6.0,No
51.0,Female,Sales,Bachelor,Hybrid,4,17092.0,179.0,75,7.0,No
41.0,Male,Marketing,Bachelor,Hybrid,3,17255.0,238.0,77,6.0,No
37.0,Female,Marketing,Bachelor,Remote,5,21404.0,171.0,61,3.0,No
43.0,Female,Marketing,Bachelor,Hybrid,20,19069.0,169.0,69,10.0,No
57.0,Male,Marketing,Diploma,Remote,12,13292.0,207.0,98,8.0,Yes
36.0,Female,HR,Bachelor,Office,24,13994.0,132.0,63,3.0,No
26.0,Female,Marketing,Diploma,Hybrid,25,16704.0,143.0,95,5.0,No
28.0,Female,HR,Bachelor,Hybrid,19,14613.0,197.0,84,9.0,No
45.0,Male,Marketing,Bachelor,Office,32,17173.0,175.0,78,5.0,No
38.0,Male,Sales,Bachelor,Office,13,3964.0,176.0,61,7.0,No
45.0,Female,Marketing,Master,Hybrid,16,22464.0,157.0,67,7.0,No
32.0,Male,Finance,Master,Office,20,14275.0,186.0,93,5.0,No
35.0,Female,Marketing,Bachelor,Remote,15,6699.0,160.0,51,2.0,Yes
46.0,Female,Marketing,Bachelor,Office,15,9888.0,182.0,51,5.0,No
46.0,Female,Operations,Bachelor,Office,19,4418.0,151.0,66,7.0,No
52.0,Female,Sales,Diploma,Hybrid,28,9094.0,175.0,59,7.0,No
30.0,Female,Operations,Diploma,Remote,27,13360.0,231.0,67,4.0,No
36.0,Male,Finance,Bachelor,Office,7,20816.0,169.0,71,1.0,No
27.0,Female,Sales,Bachelor,Remote,23,15848.0,177.0,68,6.0,No
37.0,Male,IT,Bachelor,Remote,2,15048.0,175.0,50,3.0,No
43.0,Male,IT,Master,Remote,24,8892.0,184.0,73,5.0,No
46.0,Female,Finance,Diploma,Hybrid,18,10290.0,192.0,85,4.0,No
41.0,Female,Operations,Diploma,Office,32,10639.0,186.0,74,2.0,No
42.0,Male,HR,PhD,Hybrid,1,10822.0,187.0,85,7.0,No
27.0,Male,Finance,Diploma,Office,14,12418.0,175.0,80,5.0,No
34.0,Male,Sales,Bachelor,Office,21,12758.0,183.0,80,7.0,No
35.0,Female,Sales,Bachelor,Hybrid,9,12474.0,175.0,51,9.0,No
27.0,Male,Marketing,Bachelor,Remote,17,10979.0,135.0,68,4.0,No
29.0,Female,IT,Diploma,Remote,21,14608.0,246.0,61,5.0,No
40.94125874125874,Female,Sales,Diploma,Office,26,12585.0,198.0,59,9.0,No
43.0,Female,Finance,Diploma,Hybrid,12,6820.0,156.0,80,10.0,No
49.0,Male,Sales,Bachelor,Remote,32,14155.0,186.0,94,4.0,No
38.0,Female,Finance,Bachelor,Remote,4,13475.0,146.0,71,5.0,No
51.0,Female,HR,Bachelor,Office,25,6892.0,168.0,72,5.0,No
50.0,Female,Marketing,Bachelor,Office,12,11339.0,143.0,72,8.0,No
59.0,Female,IT,Master,Hybrid,26,16687.0,179.0,64,4.0,No
55.0,Female,Sales,Diploma,Office,13,8886.0,140.0,75,4.0,No
38.0,Male,Finance,Bachelor,Remote,23,8410.0,190.0,52,7.0,No
59.0,Female,Operations,Bachelor,Remote,2,12538.0,197.0,72,5.0,No
40.94125874125874,Female,IT,Bachelor,Remote,29,16803.0,159.0,69,6.0,No
34.0,Male,HR,Bachelor,Remote,34,22146.0,184.0,94,6.0,No
51.0,Female,Finance,Bachelor,Hybrid,13,16965.0,158.0,89,6.0,Yes
44.0,Male,Marketing,Master,Hybrid,11,18882.0,193.0,88,10.0,No
55.0,Female,Marketing,Master,Office,27,15560.0,163.0,57,4.0,No
54.0,Male,HR,Bachelor,Office,28,10917.0,200.0,67,5.0,No
30.0,Male,HR,Bachelor,Office,16,16933.0,135.0,90,9.0,No
57.0,Female,Marketing,Bachelor,Hybrid,20,13615.0,155.0,55,8.0,No
60.0,Female,Sales,Bachelor,Remote,22,15697.0,152.0,76,4.0,No
46.0,Female,Sales,Bachelor,Office,19,9743.0,185.0,85,7.0,Yes
59.0,Male,Operations,Bachelor,Office,33,13458.0,187.0,86,9.0,No
35.0,Male,Finance,Bachelor,Office,9,15041.0,167.0,54,5.0,Yes
49.0,Male,HR,Master,Office,5,12753.0,181.0,58,4.0,No
42.0,Male,Sales,Diploma,Office,23,16181.0,200.0,56,10.0,No
45.0,Female,Finance,Bachelor,Remote,11,12173.0,247.0,90,6.0,No
33.0,Male,Finance,Diploma,Office,22,6851.0,169.0,69,10.0,No
38.0,Male,Operations,Master,Remote,26,5567.0,163.0,59,5.0,No
53.0,Female,HR,Bachelor,Hybrid,5,14830.0,188.0,75,9.0,No
36.0,Male,HR,Bachelor,Office,0,11988.0,174.0,53,3.0,Yes
22.0,Female,Operations,Bachelor,Remote,5,6219.0,212.0,87,2.0,No
55.0,Female,HR,Bachelor,Hybrid,21,14479.0,160.0,73,6.0,No
54.0,Female,Marketing,Master,Hybrid,23,13578.0,174.0,63,7.0,No
50.0,Female,Sales,Bachelor,Hybrid,24,11752.0,202.0,90,5.0,No
40.94125874125874,Female,Marketing,Bachelor,Remote,14,15111.0,188.0,50,1.0,No
33.0,Male,IT,Master,Office,25,19918.0,209.0,66,3.0,No
38.0,Male,Finance,Bachelor,Office,7,19781.0,169.0,94,3.0,No
52.0,Female,IT,Diploma,Remote,23,14647.0,212.0,73,4.0,No
55.0,Male,Sales,PhD,Remote,34,14710.0,139.0,56,6.0,No
59.0,Female,HR,Bachelor,Office,0,15391.0,212.0,58,5.0,No
49.0,Female,Marketing,Diploma,Hybrid,11,15631.141858839972,180.0,92,1.0,No
40.94125874125874,Female,Operations,Bachelor,Office,10,14785.0,203.0,84,4.0,No
36.0,Male,Marketing,Bachelor,Remote,11,6919.0,182.0,61,9.0,No
30.0,Male,Sales,Diploma,Remote,6,14366.0,180.0,70,4.0,No
50.0,Female,IT,Bachelor,Hybrid,10,16146.0,147.0,52,8.0,No
45.0,Female,Operations,PhD,Remote,30,11796.0,179.0,64,8.0,No
59.0,Male,HR,Bachelor,Office,32,13570.0,214.0,70,3.0,No
40.0,Male,Sales,Bachelor,Office,12,8998.0,181.0,59,9.0,Yes
25.0,Female,Operations,Bachelor,Hybrid,17,8374.0,197.0,82,8.0,No
21.0,Female,Sales,Diploma,Remote,23,14949.0,196.0,95,3.0,No
50.0,Male,Sales,Master,Hybrid,8,10717.0,155.0,55,10.0,No
23.0,Male,HR,Bachelor,Office,30,6004.0,201.0,51,5.0,No
34.0,Male,Finance,Bachelor,Hybrid,9,8997.0,172.0,78,3.0,No
50.0,Female,Operations,Bachelor,Remote,1,9651.0,174.0,89,5.0,No
24.0,Male,HR,Bachelor,Hybrid,14,17486.0,232.0,82,9.0,No
38.0,Female,Sales,Bachelor,Remote,2,14806.0,195.0,53,4.0,No
57.0,Male,HR,Diploma,Remote,30,10078.0,164.0,53,6.0,Yes
45.0,Male,Finance,Master,Office,5,11355.0,182.0,78,3.0,No
21.0,Male,Marketing,Master,Office,2,19904.0,181.0,86,3.0,No
35.0,Male,Operations,Bachelor,Office,10,18212.0,222.0,69,5.0,No
29.0,Female,Finance,PhD,Remote,14,8969.0,181.0,90,8.0,No
40.94125874125874,Female,IT,Diploma,Hybrid,27,19236.0,235.0,72,8.0,No
44.0,Male,Operations,Bachelor,Remote,9,13637.0,148.0,94,3.0,No
24.0,Female,Finance,Bachelor,Office,6,17598.0,179.0,67,8.0,No
32.0,Male,Sales,Bachelor,Office,14,15631.141858839972,161.0,98,8.0,No
57.0,Male,Operations,Bachelor,Hybrid,17,19336.0,168.0,74,3.0,No
57.0,Male,Operations,Bachelor,Office,17,8782.0,168.0,50,10.0,No
26.0,Male,HR,Diploma,Office,23,12850.0,162.0,64,10.0,No
59.0,Female,Sales,Bachelor,Office,1,19474.0,223.0,83,2.0,No
44.0,Male,IT,Diploma,Hybrid,19,3233.0,216.0,97,10.0,No
31.0,Male,Marketing,Bachelor,Remote,33,13793.0,190.0,69,2.0,No
33.0,Female,Finance,Bachelor,Office,25,12229.0,168.0,86,9.0,No
54.0,Male,HR,Diploma,Hybrid,6,17081.0,163.0,76,7.0,Yes
45.0,Male,Finance,Bachelor,Office,29,18815.0,199.0,71,6.0,No
27.0,Male,Sales,Bachelor,Hybrid,4,17286.0,188.0,100,7.0,No
24.0,Female,IT,Master,Office,10,15085.0,176.0,54,8.0,Yes
28.0,Male,Operations,Bachelor,Hybrid,0,14183.0,194.0,83,1.0,No
40.0,Female,IT,Bachelor,Office,33,12458.0,202.0,88,8.0,No
49.0,Male,Finance,Master,Remote,0,14945.0,176.0,52,3.0,No
30.0,Male,Sales,Bachelor,Office,18,20568.0,160.0,66,3.0,No
54.0,Female,Sales,Diploma,Hybrid,1,10263.0,147.0,73,6.0,No
46.0,Male,Operations,Bachelor,Office,20,12191.0,186.0,73,4.0,No
23.0,Male,Marketing,Master,Remote,19,13660.0,234.0,52,4.0,Yes
26.0,Female,Finance,Bachelor,Office,22,18504.0,152.0,94,4.0,No
25.0,Female,Finance,Bachelor,Hybrid,20,15005.0,207.0,56,10.0,No
25.0,Female,IT,Diploma,Hybrid,23,14374.0,163.0,74,9.0,No
43.0,Female,Finance,Diploma,Remote,3,18653.0,168.0,52,8.0,No
29.0,Female,HR,Bachelor,Hybrid,11,16664.0,203.0,64,3.0,No
55.0,Male,Marketing,Bachelor,Office,21,9212.0,174.0,78,1.0,No
40.0,Female,IT,Diploma,Office,19,21475.0,186.0,99,1.0,No
55.0,Male,HR,Master,Office,17,20356.0,186.0,78,4.0,No
38.0,Male,Sales,Master,Hybrid,0,14286.0,163.0,59,4.0,No
37.0,Male,Sales,Bachelor,Office,29,7782.0,202.0,81,6.0,No
44.0,Female,Operations,Master,Office,32,6978.0,178.0,72,4.0,Yes
23.0,Female,Sales,Diploma,Office,23,15144.0,145.0,88,3.0,No
52.0,Male,Operations,Bachelor,Remote,13,10842.0,158.0,58,8.0,No
58.0,Female,HR,Master,Hybrid,10,6893.0,181.0,89,6.0,No
33.0,Female,Sales,Master,Hybrid,23,11885.0,213.0,63,4.0,No
45.0,Female,IT,Bachelor,Remote,30,14877.0,154.0,53,10.0,No
29.0,Male,HR,Master,Hybrid,12,20326.0,195.0,69,1.0,No
24.0,Male,IT,Diploma,Remote,15,15631.141858839972,191.0,77,8.0,No
40.94125874125874,Female,HR,Master,Remote,23,12284.0,161.0,63,6.0,No
57.0,Male,HR,PhD,Hybrid,12,15710.0,218.0,93,1.0,No
54.0,Female,Operations,Diploma,Office,23,15308.0,173.0,83,4.0,No
31.0,Female,Sales,Bachelor,Office,25,17328.0,230.0,62,5.0,No
23.0,Male,Sales,Diploma,Hybrid,1,13820.0,139.0,80,7.0,No
48.0,Male,HR,Bachelor,Hybrid,15,18663.0,173.0,82,8.0,No
49.0,Male,Finance,Bachelor,Remote,0,17710.0,176.0,88,9.0,Yes
29.0,Female,Finance,Bachelor,Hybrid,10,14372.0,179.0,77,6.0,No
23.0,Male,IT,Master,Remote,34,13463.0,198.0,74,10.0,No
54.0,Male,Operations,Bachelor,Office,16,10789.0,191.0,58,4.0,No
32.0,Male,HR,Master,Office,27,7220.0,181.0,77,8.0,No
29.0,Female,IT,PhD,Hybrid,28,7195.0,153.0,80,3.0,No
35.0,Female,IT,Diploma,Remote,2,10416.0,133.0,66,4.0,No
25.0,Female,Marketing,PhD,Office,9,16968.0,209.0,72,10.0,No
45.0,Female,HR,Diploma,Remote,13,12097.0,166.0,62,4.0,No
25.0,Female,Operations,Master,Hybrid,11,14920.0,245.0,59,6.0,No
31.0,Female,IT,Bachelor,Hybrid,29,11771.0,202.0,65,9.0,No
54.0,Female,Operations,Diploma,Office,31,11807.0,189.0,55,6.0,No
44.0,Female,Sales,Bachelor,Hybrid,31,9385.0,190.0,97,1.0,No
35.0,Male,Operations,Bachelor,Office,31,13586.0,190.0,60,5.0,No
58.0,Female,Finance,Bachelor,Remote,25,13212.0,163.0,52,9.0,No
28.0,Female,Finance,Diploma,Office,0,15631.141858839972,136.0,77,5.0,Yes
25.0,Male,Operations,Bachelor,Office,1,15295.0,166.0,90,6.0,No
46.0,Female,Finance,Master,Remote,16,13113.0,180.0,64,3.0,No
38.0,Male,Sales,Bachelor,Office,29,7223.0,164.0,62,8.0,No
26.0,Male,HR,Bachelor,Office,6,18818.0,148.0,91,10.0,No
57.0,Female,Finance,Bachelor,Hybrid,26,13617.0,161.0,94,4.0,No
33.0,Male,Finance,Diploma,Remote,8,14358.0,206.0,66,4.0,No
48.0,Female,Operations,Master,Office,21,21202.0,199.0,56,5.0,No
25.0,Male,Sales,Master,Remote,33,18087.0,184.0,77,10.0,No
33.0,Male,HR,Bachelor,Remote,0,16009.0,195.0,87,9.0,No
40.94125874125874,Male,Operations,Bachelor,Office,8,13990.0,152.0,62,8.0,No
60.0,Female,Operations,Master,Hybrid,19,13948.0,160.0,66,7.0,Yes
52.0,Female,Marketing,Bachelor,Remote,18,15081.0,188.0,64,5.0,No
40.94125874125874,Male,Sales,Master,Office,3,15831.0,155.0,85,9.0,No
23.0,Male,HR,Bachelor,Remote,8,21701.0,183.0,77,9.0,No
60.0,Female,Sales,Master,Hybrid,21,15631.141858839972,148.0,64,10.0,No
54.0,Female,HR,Bachelor,Hybrid,17,15306.0,139.0,95,10.0,No
60.0,Male,Sales,Bachelor,Hybrid,11,4310.0,198.0,60,2.0,No
47.0,Male,Operations,PhD,Office,8,9717.0,206.0,80,4.0,No
33.0,Female,Operations,Bachelor,Office,5,22152.0,164.0,53,8.0,No
53.0,Female,IT,Bachelor,Hybrid,18,17234.0,142.0,84,1.0,No
40.94125874125874,Female,Finance,Bachelor,Office,6,15917.0,125.0,83,5.0,No
44.0,Female,Marketing,Bachelor,Hybrid,15,13249.0,226.0,76,8.0,No
39.0,Female,Sales,Bachelor,Office,4,8649.0,183.0,59,2.0,No
36.0,Male,Marketing,Diploma,Hybrid,15,15705.0,165.0,79,2.0,No
60.0,Female,Sales,Diploma,Remote,0,10296.0,171.0,94,8.0,No
48.0,Male,Finance,Bachelor,Hybrid,18,17282.0,132.0,69,10.0,Yes
53.0,Female,Sales,Master,Hybrid,16,8147.0,195.0,78,9.0,No
33.0,Male,HR,Bachelor,Office,25,13031.0,230.0,78,7.0,No
40.94125874125874,Female,Finance,Bachelor,Office,21,18468.0,160.0,72,8.0,No
56.0,Female,Operations,Bachelor,Office,7,15631.141858839972,240.0,99,5.0,No
47.0,Male,IT,Diploma,Office,32,12342.0,177.0,70,1.0,No
58.0,Male,Finance,Bachelor,Office,1,14048.0,222.0,97,4.0,No
27.0,Female,Finance,Diploma,Office,29,7988.0,188.0,92,2.0,No
25.0,Female,Operations,Diploma,Remote,19,7141.0,188.0,59,3.0,Yes
51.0,Female,Sales,Bachelor,Hybrid,17,17214.0,226.0,90,3.0,No
43.0,Female,HR,Bachelor,Hybrid,9,12100.0,200.0,61,9.0,Yes
30.0,Female,Operations,Diploma,Hybrid,23,17179.0,189.0,79,10.0,No
52.0,Male,HR,Bachelor,Remote,3,19032.0,131.0,100,4.0,No
50.0,Male,Sales,Bachelor,Hybrid,3,19394.0,142.0,82,2.0,No
59.0,Female,Finance,Bachelor,Remote,12,6705.0,191.0,67,3.0,No
51.0,Male,HR,Bachelor,Remote,24,10860.0,217.0,63,3.0,No
38.0,Male,IT,Master,Remote,12,16419.0,183.0,71,7.0,No
56.0,Male,IT,Diploma,Hybrid,17,16489.0,165.0,70,8.0,No
22.0,Female,Operations,Bachelor,Remote,23,24122.0,134.0,50,6.0,No
34.0,Male,Sales,Diploma,Hybrid,1,9916.0,160.0,98,4.0,No
40.94125874125874,Female,Operations,Diploma,Hybrid,32,19257.0,183.0,92,6.0,No
49.0,Male,Operations,Bachelor,Office,18,15631.141858839972,159.0,64,1.0,No
32.0,Female,Marketing,Bachelor,Office,8,6619.0,156.0,85,10.0,No
59.0,Male,Operations,Master,Remote,27,11535.0,179.0,96,4.0,No
22.0,Female,Marketing,Bachelor,Remote,34,15181.0,216.0,71,1.0,Yes
52.0,Female,IT,PhD,Hybrid,9,6330.0,197.0,81,5.0,No
33.0,Male,IT,Diploma,Remote,0,4667.0,187.0,95,4.0,Yes
47.0,Female,Operations,Diploma,Remote,20,6074.0,185.0,82,6.0,No
37.0,Female,IT,Diploma,Hybrid,8,15166.0,194.0,90,9.0,No
40.94125874125874,Female,Sales,Diploma,Remote,14,11819.0,177.0,88,4.0,No
51.0,Female,Marketing,Bachelor,Remote,34,11210.0,170.0,72,4.0,No
54.0,Female,Marketing,Bachelor,Hybrid,4,11365.0,198.0,92,2.0,No
44.0,Female,Operations,Diploma,Hybrid,21,7591.0,174.0,51,3.0,Yes
55.0,Female,IT,Master,Office,22,11946.0,150.0,51,6.0,No
26.0,Female,HR,Master,Hybrid,6,5808.0,216.0,87,8.0,Yes
50.0,Male,Operations,Diploma,Remote,24,21615.0,218.0,78,5.0,No
27.0,Female,Operations,Diploma,Hybrid,26,3533.0,193.0,95,5.0,No
30.0,Female,Sales,Diploma,Hybrid,5,15631.141858839972,156.0,52,10.0,No
52.0,Male,Sales,Diploma,Hybrid,33,12182.0,181.0,88,3.0,No
54.0,Male,Finance,Bachelor,Remote,8,13215.0,169.0,56,7.0,Yes
48.0,Male,Marketing,Bachelor,Office,32,18507.0,200.0,85,6.0,No
35.0,Female,Sales,Bachelor,Remote,5,11902.0,200.0,78,1.0,Yes
50.0,Male,Sales,PhD,Remote,30,13603.0,192.0,86,4.0,No
49.0,Female,Marketing,Master,Office,28,13499.0,177.0,85,6.0,No
42.0,Male,Finance,Diploma,Remote,13,21948.0,224.0,72,4.0,No
24.0,Female,Sales,Bachelor,Hybrid,14,16259.0,211.0,94,6.0,No
40.0,Female,IT,Bachelor,Remote,7,15631.141858839972,168.0,65,10.0,Yes
52.0,Female,Operations,Diploma,Remote,25,10757.0,200.0,97,6.0,Yes
56.0,Female,Operations,Diploma,Hybrid,20,13967.0,198.0,80,9.0,No
24.0,Male,HR,Bachelor,Hybrid,27,8931.0,174.0,83,9.0,No
47.0,Male,HR,Bachelor,Office,3,10113.0,172.0,99,2.0,No
37.0,Female,Marketing,Bachelor,Remote,15,12096.0,210.0,50,4.0,No
32.0,Female,Marketing,Bachelor,Hybrid,21,15320.0,180.0,67,9.0,No
42.0,Male,Operations,Bachelor,Hybrid,11,22217.0,187.0,89,4.0,No
37.0,Female,IT,Diploma,Office,15,11818.0,215.0,92,4.0,No
30.0,Male,Finance,Bachelor,Office,28,16077.0,243.0,64,10.0,No
21.0,Female,Finance,Diploma,Hybrid,17,6674.0,167.0,97,3.0,No
42.0,Female,Marketing,Diploma,Office,9,15631.141858839972,174.0,98,3.0,No
46.0,Male,IT,PhD,Hybrid,17,6252.0,182.0,66,9.0,No
38.0,Male,Marketing,Bachelor,Remote,0,15631.141858839972,182.0,93,10.0,No
34.0,Male,Finance,Bachelor,Office,20,13636.0,189.0,59,8.0,No
49.0,Male,Marketing,Bachelor,Remote,0,13457.0,168.0,69,1.0,Yes
32.0,Female,Sales,Bachelor,Remote,14,12649.0,148.0,55,10.0,No
56.0,Male,Marketing,Bachelor,Remote,3,8144.0,224.0,57,2.0,No
55.0,Female,Operations,Diploma,Hybrid,19,8383.0,195.0,94,3.0,No
32.0,Male,Marketing,Diploma,Remote,9,17764.0,170.0,83,2.0,No
27.0,Male,Operations,Master,Remote,22,14054.0,191.0,81,3.0,No
49.0,Female,Sales,Bachelor,Remote,33,12616.0,226.0,100,8.0,No
31.0,Male,Finance,Bachelor,Hybrid,32,15995.0,160.0,91,6.0,No
53.0,Male,HR,Bachelor,Remote,33,14456.0,185.0,53,7.0,Yes
26.0,Male,HR,Master,Remote,9,10432.0,145.0,93,10.0,No
35.0,Male,Finance,Diploma,Office,19,25074.0,177.0,99,10.0,Yes
52.0,Female,HR,Bachelor,Hybrid,0,17333.0,195.0,88,6.0,Yes
31.0,Female,Marketing,Bachelor,Remote,12,14572.0,152.0,69,1.0,No
